Column2,Column3
1,0.092737334
2,0.092280203
3,0.091825346
4,0.091356891
5,0.090968755
6,0.090481528
7,0.090039809
8,0.089503985
9,0.089019121
10,0.088521751
11,0.088085278
12,0.087619613
13,0.087064963
14,0.086536972
15,0.085996073
16,0.085472173
17,0.084962505
18,0.084463814
19,0.083952185
20,0.083481673
21,0.083004738
22,0.082494983
23,0.081971635
24,0.081457966
25,0.08093741
26,0.08047711
27,0.079959783
28,0.079483838
29,0.078986661
30,0.078487668
31,0.077973721
32,0.07748728
33,0.077046926
34,0.07655528
35,0.076123222
36,0.075618317
37,0.075128372
38,0.07466516
39,0.074178247
40,0.073730211
41,0.073270868
42,0.072854895
43,0.072396253
44,0.071978812
45,0.07152807
46,0.071072374
47,0.070634417
48,0.070191925
49,0.069770361
50,0.069353729
51,0.068941766
52,0.068508341
53,0.068138716
54,0.067736553
55,0.067333251
56,0.066890048
57,0.066499388
58,0.066093603
59,0.065699865
60,0.065294735
61,0.064971448
62,0.064586959
63,0.064205475
64,0.063804013
65,0.063406689
66,0.063034162
67,0.062676469
68,0.062285687
69,0.061983233
70,0.061604429
71,0.061249815
72,0.060958643
73,0.060573313
74,0.060209824
75,0.059864786
76,0.059470936
77,0.059132727
78,0.058782303
79,0.058395421
80,0.0580657
81,0.05771932
82,0.057366384
83,0.057037313
84,0.056722527
85,0.056381535
86,0.056110376
87,0.05577134
88,0.055450636
89,0.05513008
90,0.054835578
91,0.054495731
92,0.054127399
93,0.053812226
94,0.05346438
95,0.053107373
96,0.052780906
97,0.052473335
98,0.052178073
99,0.05190181
100,0.051615203
101,0.051326944
102,0.051027072
103,0.050761185
104,0.050487788
105,0.050202153
106,0.049916714
107,0.049624594
108,0.049393556
109,0.049121789
110,0.048810426
111,0.048541275
112,0.04825038
113,0.047973956
114,0.04768113
115,0.047426995
116,0.047154584
117,0.046895456
118,0.046603894
119,0.046332762
120,0.046090355
121,0.045804306
122,0.04554548
123,0.045296143
124,0.045036959
125,0.044801096
126,0.044545138
127,0.044292973
128,0.044044684
129,0.043798517
130,0.043546561
131,0.043280327
132,0.043036735
133,0.042799616
134,0.042573412
135,0.042315536
136,0.042085788
137,0.04185834
138,0.041629889
139,0.041464603
140,0.041226615
141,0.040998156
142,0.040769599
143,0.040567427
144,0.040338836
145,0.04010394
146,0.039881097
147,0.039690783
148,0.039491573
149,0.039278999
150,0.039108886
151,0.038899865
152,0.038666261
153,0.038495151
154,0.038258719
155,0.038054711
156,0.037869684
157,0.037638755
158,0.037442139
159,0.037250395
160,0.037058821
161,0.036847062
162,0.036648607
163,0.036454392
164,0.036293322
165,0.036120908
166,0.035950078
167,0.035772963
168,0.035579654
169,0.03541974
170,0.035237516
171,0.035051408
172,0.034886552
173,0.03470618
174,0.034566873
175,0.034381979
176,0.034265829
177,0.034089687
178,0.033908067
179,0.033759692
180,0.033591075
181,0.033427697
182,0.033281801
183,0.033119305
184,0.032949039
185,0.032810254
186,0.032670406
187,0.032506882
188,0.032340604
189,0.032194581
190,0.032039334
191,0.031914287
192,0.031776672
193,0.031642085
194,0.031467479
195,0.031313179
196,0.031175682
197,0.031077979
198,0.030965737
199,0.030810353
200,0.030660017
201,0.030508861
202,0.030361273
203,0.030252058
204,0.030100904
205,0.029936813
206,0.029798347
207,0.029638486
208,0.029529178
209,0.029410597
210,0.029282202
211,0.029176696
212,0.029041266
213,0.028920679
214,0.028765897
215,0.028632975
216,0.02853018
217,0.02840339
218,0.028285896
219,0.028161095
220,0.028057231
221,0.027936435
222,0.027829597
223,0.027710802
224,0.027595974
225,0.027491431
226,0.027388489
227,0.02726304
228,0.027131739
229,0.027046161
230,0.026939251
231,0.026833757
232,0.026716073
233,0.026586215
234,0.026488412
235,0.026379409
236,0.026253245
237,0.026144936
238,0.026037738
239,0.025953428
240,0.025858977
241,0.02575301
242,0.025670156
243,0.025543677
244,0.025460436
245,0.025351602
246,0.025281999
247,0.025185312
248,0.025061813
249,0.024973046
250,0.024871577
251,0.024755011
252,0.024709503
253,0.024631217
254,0.024528252
255,0.024466282
256,0.024343009
257,0.024254152
258,0.024170529
259,0.02410396
260,0.024066135
261,0.023978525
262,0.023885872
263,0.023811324
264,0.023735421
265,0.023673444
266,0.02361198
267,0.023548186
268,0.023458111
269,0.023385375
270,0.023337186
271,0.023251818
272,0.0231854
273,0.023092665
274,0.02302084
275,0.022928612
276,0.022838508
277,0.022764904
278,0.022679789
279,0.02260906
280,0.02256605
281,0.022500717
282,0.022451635
283,0.022404146
284,0.022325371
285,0.022233456
286,0.022165309
287,0.022072993
288,0.022025214
289,0.021961778
290,0.021912628
291,0.021813603
292,0.021755213
293,0.021686416
294,0.021632472
295,0.021585226
296,0.021538488
297,0.021479681
298,0.021402065
299,0.021337165
300,0.02126871
301,0.021237589
302,0.021163211
303,0.021090976
304,0.021027516
305,0.020995135
306,0.020946682
307,0.020889901
308,0.020844257
309,0.020763504
310,0.020700221
311,0.020669005
312,0.020624929
313,0.020541824
314,0.020537703
315,0.02048139
316,0.020471445
317,0.020445271
318,0.020408687
319,0.0203792
320,0.020330937
321,0.020275638
322,0.020225914
323,0.020165622
324,0.020115361
325,0.020053104
326,0.020001242
327,0.019937218
328,0.019893058
329,0.019855065
330,0.019795808
331,0.019742771
332,0.019691488
333,0.019623513
334,0.019608014
335,0.019568673
336,0.019523851
337,0.019500447
338,0.019464132
339,0.019418382
340,0.019364474
341,0.019315227
342,0.019297812
343,0.019238788
344,0.019201916
345,0.019178691
346,0.019120319
347,0.019066048
348,0.019027465
349,0.018981081
350,0.018943415
351,0.018900704
352,0.018842366
353,0.018793495
354,0.018738286
355,0.018696535
356,0.018647301
357,0.018613226
358,0.01855289
359,0.018502579
360,0.018463999
361,0.018390378
362,0.018365616
363,0.018331186
364,0.018281282
365,0.018235637
366,0.018203837
367,0.018149797
368,0.018109205
369,0.018068235
370,0.018004935
371,0.017943802
372,0.017907466
373,0.01785116
374,0.017791306
375,0.01777717
376,0.017751467
377,0.017728833
378,0.017675097
379,0.017635383
380,0.017620661
381,0.017568946
382,0.017556925
383,0.017553833
384,0.017544282
385,0.017542308
386,0.017507835
387,0.017480427
388,0.01744635
389,0.017386332
390,0.017345674
391,0.017304184
392,0.017272638
393,0.017255499
394,0.017236814
395,0.017197303
396,0.017184914
397,0.017145249
398,0.017147339
399,0.017106873
400,0.017090768
401,0.017037025
402,0.017007389
403,0.016968273
404,0.016942366
405,0.016910391
406,0.016875561
407,0.016858346
408,0.016828962
409,0.01678129
410,0.016719609
411,0.016711576
412,0.016683902
413,0.016656058
414,0.016620967
415,0.016576918
416,0.016538794
417,0.0165081
418,0.016460863
419,0.016432891
420,0.016396435
421,0.016350075
422,0.016360648
423,0.016355624
424,0.016312452
425,0.016303437
426,0.016250334
427,0.016222438
428,0.01621534
429,0.016159196
430,0.016127705
431,0.016084193
432,0.016038999
433,0.016017723
434,0.016005965
435,0.01595865
436,0.015912045
437,0.015884456
438,0.015862629
439,0.015808828
440,0.015756907
441,0.015747763
442,0.015707355
443,0.015670149
444,0.015625196
445,0.015581515
446,0.015580354
447,0.015529701
448,0.015512066
449,0.015475363
450,0.01543279
451,0.015383588
452,0.015358118
453,0.015308694
454,0.015297554
455,0.015293179
456,0.015257983
457,0.015235433
458,0.015217163
459,0.01521146
460,0.015204724
461,0.01518285
462,0.015152774
463,0.015113158
464,0.015066471
465,0.015038156
466,0.01500877
467,0.014975709
468,0.014924773
469,0.014915644
470,0.014894279
471,0.014871554
472,0.01482848
473,0.014786765
474,0.014775942
475,0.014773696
476,0.014751666
477,0.014744889
478,0.014717621
479,0.014686232
480,0.014656
481,0.014613492
482,0.014572194
483,0.014552167
484,0.014528885
485,0.014517915
486,0.014493628
487,0.014483968
488,0.014458723
489,0.014432619
490,0.014402513
491,0.014400305
492,0.014378521
493,0.014358479
494,0.01432996
495,0.014317706
496,0.014319843
497,0.014287569
498,0.014258206
499,0.014221518
500,0.014182761
501,0.01414778
502,0.014115956
503,0.014069706
504,0.014012318
505,0.014009788
506,0.014013186
507,0.013970225
508,0.013960361
509,0.013936302
510,0.013940891
511,0.013912708
512,0.013904798
513,0.013876288
514,0.013860622
515,0.013839687
516,0.013844239
517,0.013797707
518,0.013762073
519,0.013739906
520,0.013704788
521,0.013672624
522,0.013655362
523,0.013647674
524,0.013649119
525,0.013651701
526,0.01363574
527,0.013602017
528,0.013567147
529,0.013537188
530,0.013530654
531,0.0135168
532,0.013530285
533,0.013503597
534,0.013468937
535,0.013450967
536,0.01343912
537,0.013404633
538,0.013390559
539,0.013361125
540,0.013347835
541,0.013337154
542,0.013361086
543,0.013370113
544,0.013377834
545,0.013372858
546,0.013356815
547,0.013342181
548,0.013330652
549,0.01332493
550,0.013288825
551,0.013269619
552,0.013273982
553,0.013278331
554,0.013254901
555,0.013237672
556,0.013229727
557,0.013201246
558,0.013201559
559,0.013208854
560,0.013169099
561,0.013149647
562,0.013137029
563,0.013136058
564,0.01313551
565,0.013126819
566,0.01310593
567,0.013070763
568,0.013058461
569,0.013060168
570,0.013042107
571,0.01301999
572,0.013030689
573,0.01301405
574,0.013001594
575,0.012993166
576,0.013000663
577,0.012981837
578,0.012962447
579,0.012959946
580,0.012952978
581,0.012927895
582,0.012927582
583,0.012918359
584,0.012894617
585,0.012884499
586,0.012879114
587,0.012872077
588,0.012865008
589,0.012822217
590,0.012823657
591,0.012818608
592,0.012810038
593,0.012795532
594,0.012799761
595,0.012814152
596,0.01280663
597,0.012814423
598,0.012813635
599,0.012794491
600,0.012765947
601,0.012771236
602,0.012765391
603,0.012757545
604,0.012729577
605,0.012720807
606,0.012693469
607,0.012714961
608,0.012719945
609,0.012704327
610,0.012674344
611,0.012679353
612,0.012666507
613,0.012644026
614,0.012669105
615,0.012643492
616,0.012607891
617,0.012586678
618,0.012588205
619,0.012609374
620,0.012611022
621,0.012598847
622,0.01260629
623,0.01258461
624,0.01257109
625,0.012549875
626,0.012530826
627,0.012502963
628,0.012485815
629,0.012453952
630,0.012451172
631,0.012425282
632,0.012412067
633,0.012410496
634,0.012420787
635,0.012399898
636,0.012370187
637,0.012343642
638,0.012305253
639,0.012282467
640,0.01227927
641,0.012286074
642,0.012278917
643,0.012260884
644,0.01224792
645,0.012241355
646,0.01222039
647,0.012203293
648,0.012180993
649,0.012172109
650,0.012168619
651,0.012181281
652,0.012156854
653,0.012150935
654,0.012111509
655,0.012107363
656,0.012116002
657,0.01210103
658,0.012093377
659,0.012100861
660,0.01209572
661,0.012133746
662,0.01212511
663,0.012137968
664,0.012120306
665,0.012091431
666,0.01207919
667,0.012060575
668,0.012045716
669,0.01203351
670,0.012010528
671,0.011999524
672,0.01202117
673,0.012017639
674,0.012048947
675,0.012026979
676,0.011997287
677,0.011972932
678,0.011957606
679,0.011934969
680,0.011920799
681,0.01190524
682,0.011922317
683,0.01189755
684,0.011884769
685,0.011867499
686,0.011846366
687,0.011846395
688,0.011831418
689,0.011840946
690,0.011832175
691,0.011801103
692,0.011782227
693,0.01176639
694,0.011756673
695,0.011720757
696,0.011714698
697,0.011693369
698,0.011663676
699,0.011656443
700,0.011631716
701,0.011621441
702,0.011600576
703,0.01161952
704,0.011594628
705,0.01161016
706,0.011583192
707,0.011588968
708,0.011584544
709,0.011573282
710,0.011569152
711,0.011555646
712,0.011530743
713,0.011510899
714,0.011505747
715,0.011524894
716,0.011537748
717,0.011538683
718,0.011516568
719,0.011533881
720,0.011542626
721,0.011540696
722,0.011540777
723,0.011516067
724,0.011497234
725,0.011489022
726,0.011489447
727,0.011480051
728,0.011476095
729,0.011493259
730,0.011500424
731,0.01148753
732,0.011496716
733,0.011486187
734,0.011495807
735,0.011476184
736,0.0114715
737,0.011474716
738,0.011454943
739,0.011426852
740,0.011406875
741,0.011391791
742,0.011390203
743,0.011390999
744,0.011376701
745,0.011366498
746,0.011351315
747,0.01133131
748,0.011354881
749,0.011345789
750,0.011360577
751,0.011375849
752,0.011366787
753,0.011365088
754,0.011359297
755,0.011342218
756,0.011363361
757,0.011357174
758,0.011337558
759,0.011337929
760,0.011309616
761,0.011290512
762,0.011286117
763,0.011283251
764,0.011271509
765,0.011274021
766,0.011259402
767,0.011252135
768,0.01123952
769,0.0112352
770,0.011231431
771,0.011245583
772,0.01121592
773,0.011184448
774,0.011175487
775,0.011165645
776,0.011169407
777,0.011137869
778,0.011149499
779,0.01113426
780,0.011108135
781,0.011079205
782,0.011058076
783,0.011049581
784,0.011040017
785,0.011039058
786,0.011025357
787,0.010989221
788,0.010964967
789,0.01098701
790,0.010989653
791,0.010986409
792,0.010980348
793,0.010963362
794,0.010935909
795,0.010922093
796,0.01093138
797,0.010928247
798,0.010912049
799,0.010912054
800,0.010921252
801,0.01093961
802,0.01092857
803,0.010928617
804,0.010920135
805,0.010884922
806,0.010877444
807,0.010858395
808,0.010865656
809,0.010875236
810,0.010876123
811,0.010873763
812,0.010854893
813,0.010853248
814,0.010857625
815,0.010838194
816,0.010829123
817,0.010795762
818,0.010763114
819,0.010748992
820,0.010729592
821,0.010721176
822,0.010714546
823,0.010739094
824,0.010737262
825,0.010732566
826,0.010774062
827,0.010754097
828,0.010745814
829,0.010724677
830,0.01072906
831,0.010716074
832,0.010715917
833,0.010722564
834,0.010754359
835,0.010740645
836,0.010725493
837,0.010713943
838,0.010727833
839,0.010713139
840,0.0107172
841,0.010695821
842,0.010681034
843,0.010672616
844,0.010653904
845,0.010627154
846,0.010622063
847,0.010627036
848,0.010603288
849,0.01059828
850,0.010621246
851,0.01063347
852,0.010664002
853,0.010677579
854,0.010655942
855,0.010654459
856,0.010647147
857,0.010625155
858,0.010615424
859,0.010605714
860,0.010597885
861,0.01058357
862,0.010589341
863,0.010603245
864,0.010577081
865,0.010583844
866,0.010579833
867,0.01057636
868,0.010567891
869,0.0105617
870,0.010546055
871,0.01052552
872,0.010549596
873,0.010532355
874,0.010515691
875,0.010488931
876,0.010491876
877,0.010487109
878,0.010467463
879,0.010456004
880,0.010447904
881,0.010421277
882,0.010426733
883,0.010427792
884,0.010414924
885,0.010396498
886,0.010394876
887,0.010377651
888,0.010357644
889,0.010343597
890,0.010330437
891,0.010325529
892,0.010310846
893,0.010278261
894,0.010267243
895,0.010268054
896,0.010269529
897,0.010257936
898,0.010245337
899,0.010251512
900,0.010256532
901,0.0102397
902,0.010222988
903,0.010221272
904,0.010208593
905,0.010189965
906,0.010186951
907,0.010171203
908,0.010164419
909,0.010147604
910,0.010138972
911,0.010161245
912,0.01015522
913,0.010144581
914,0.010129724
915,0.01011763
916,0.010113815
917,0.010125787
918,0.010114739
919,0.010111063
920,0.010118964
921,0.010121488
922,0.010115409
923,0.010100099
924,0.010080577
925,0.010074401
926,0.01007763
927,0.010065868
928,0.010074517
929,0.010079821
930,0.010067192
931,0.010040646
932,0.010024779
933,0.010027366
934,0.010028218
935,0.010051503
936,0.010046126
937,0.010040496
938,0.010036258
939,0.010034654
940,0.010032838
941,0.010028072
942,0.010024086
943,0.010023881
944,0.010028115
945,0.010016942
946,0.010002179
947,0.010015744
948,0.010006934
949,0.009989567
950,0.009995371
951,0.009961894
952,0.009949745
953,0.009941339
954,0.009939316
955,0.009937257
956,0.009931465
957,0.00992238
958,0.009899083
959,0.009892858
960,0.009865083
961,0.009856376
962,0.009854856
963,0.009834177
964,0.009825932
965,0.009797837
966,0.009807119
967,0.009799684
968,0.009781775
969,0.009770118
970,0.009762185
971,0.009761452
972,0.009751348
973,0.009750035
974,0.009756854
975,0.009769013
976,0.009774819
977,0.009767321
978,0.009772691
979,0.009771308
980,0.009776754
981,0.009782455
982,0.009774529
983,0.009770058
984,0.009780169
985,0.0097595
986,0.009770659
987,0.009778822
988,0.009773941
989,0.009754167
990,0.009761518
991,0.009755627
992,0.009757528
993,0.009738184
994,0.009742912
995,0.00971556
996,0.009704067
997,0.0097164
998,0.009693672
999,0.00967436
1000,0.009661331
1001,0.009641138
1002,0.009656365
1003,0.009671973
1004,0.009663994
1005,0.009663304
1006,0.00965237
1007,0.009645403
1008,0.00964131
1009,0.009637473
1010,0.00962632
1011,0.009617711
1012,0.009613974
1013,0.00960042
1014,0.009596963
1015,0.009591384
1016,0.009583206
1017,0.009580474
1018,0.009589808
1019,0.009590377
1020,0.009581075
1021,0.009581968
1022,0.009563879
1023,0.009566625
1024,0.009540639
1025,0.009553022
1026,0.00953836
1027,0.009548824
1028,0.009556837
1029,0.009558933
1030,0.009557668
1031,0.009549307
1032,0.009549789
1033,0.009542963
1034,0.009535792
1035,0.009538321
1036,0.009531512
1037,0.009518797
1038,0.009528145
1039,0.009539879
1040,0.009534364
1041,0.009530306
1042,0.009504641
1043,0.009497974
1044,0.009505319
1045,0.009477629
1046,0.009460195
1047,0.009443851
1048,0.009442106
1049,0.009426189
1050,0.009408509
1051,0.009416103
1052,0.009430273
1053,0.009424532
1054,0.009419034
1055,0.009412429
1056,0.00941717
1057,0.009417203
1058,0.00941074
1059,0.00939707
1060,0.009391884
1061,0.009377272
1062,0.009373542
1063,0.009366015
1064,0.009356305
1065,0.009339405
1066,0.009347241
1067,0.009332562
1068,0.009337174
1069,0.00933283
1070,0.009328591
1071,0.00932424
1072,0.009308414
1073,0.00931428
1074,0.009306948
1075,0.009303191
1076,0.009282848
1077,0.009277074
1078,0.00927569
1079,0.00927678
1080,0.009286007
1081,0.009279458
1082,0.009272535
1083,0.009254631
1084,0.009231109
1085,0.009240675
1086,0.00923174
1087,0.009230111
1088,0.009230275
1089,0.009228234
1090,0.009215643
1091,0.009208728
1092,0.009196994
1093,0.00918016
1094,0.009193457
1095,0.009169836
1096,0.009175283
1097,0.009202944
1098,0.009208739
1099,0.009200415
1100,0.009189921
1101,0.009193144
1102,0.009187584
1103,0.009180563
1104,0.009167182
1105,0.009160838
1106,0.009155705
1107,0.009165554
1108,0.009169205
1109,0.009171002
1110,0.009161618
1111,0.009151626
1112,0.009170672
1113,0.009160545
1114,0.009146811
1115,0.009144705
1116,0.009133402
1117,0.009135367
1118,0.009154272
1119,0.009147132
1120,0.00914794
1121,0.009171872
1122,0.009167386
1123,0.009171902
1124,0.009179178
1125,0.00919857
1126,0.009218605
1127,0.009252033
1128,0.009252356
1129,0.00923855
1130,0.0092406
1131,0.009236917
1132,0.009234737
1133,0.009231941
1134,0.009240957
1135,0.009250809
1136,0.009256289
1137,0.009256337
1138,0.009281495
1139,0.009281959
1140,0.009276982
1141,0.009281342
1142,0.009265576
1143,0.009246158
1144,0.00923353
1145,0.009215465
1146,0.009218674
1147,0.009220469
1148,0.009207739
1149,0.009222537
1150,0.009202245
1151,0.009214032
1152,0.009198838
1153,0.009192434
1154,0.009180164
1155,0.009193504
1156,0.00918352
1157,0.009171003
1158,0.009158938
1159,0.009162025
1160,0.009161327
1161,0.009155047
1162,0.009139644
1163,0.009139777
1164,0.009136092
1165,0.009132134
1166,0.009124147
1167,0.009119013
1168,0.009117576
1169,0.009106691
1170,0.009102546
1171,0.009113839
1172,0.00910177
1173,0.009124294
1174,0.009109045
1175,0.009089566
1176,0.00909637
1177,0.009111281
1178,0.009098258
1179,0.009091028
1180,0.009087281
1181,0.009089509
1182,0.009095682
1183,0.009075471
1184,0.00905008
1185,0.009035743
1186,0.009025956
1187,0.009020586
1188,0.00901329
1189,0.009008656
1190,0.009006291
1191,0.009019414
1192,0.009006559
1193,0.009014836
1194,0.009022481
1195,0.009017672
1196,0.009010955
1197,0.009004046
1198,0.008997904
1199,0.009027272
1200,0.009018449
1201,0.009015297
1202,0.009029827
1203,0.009012722
1204,0.008994961
1205,0.008984455
1206,0.008970967
1207,0.008966546
1208,0.008949177
1209,0.008942234
1210,0.008933999
1211,0.00891438
1212,0.008904538
1213,0.008894856
1214,0.008878864
1215,0.008889597
1216,0.008872336
1217,0.008850752
1218,0.008845689
1219,0.008843777
1220,0.008863629
1221,0.008855515
1222,0.008853969
1223,0.008829543
1224,0.008822686
1225,0.008844313
1226,0.008834457
1227,0.008830292
1228,0.00883489
1229,0.008835711
1230,0.008834464
1231,0.008823449
1232,0.008835953
1233,0.008832409
1234,0.008842039
1235,0.008863308
1236,0.008868268
1237,0.008866932
1238,0.008875148
1239,0.00887412
1240,0.008871203
1241,0.008862356
1242,0.008859981
1243,0.008854614
1244,0.008843328
1245,0.008851977
1246,0.008840796
1247,0.008861049
1248,0.008870455
1249,0.008897232
1250,0.008894474
1251,0.008878461
1252,0.008875599
1253,0.008875182
1254,0.008857125
1255,0.008846866
1256,0.008844353
1257,0.00882125
1258,0.008813982
1259,0.008801504
1260,0.008784964
1261,0.008771421
1262,0.00875547
1263,0.008751712
1264,0.008740936
1265,0.008729596
1266,0.008720259
1267,0.008733605
1268,0.008719666
1269,0.008701945
1270,0.008714422
1271,0.008721921
1272,0.008731109
1273,0.008731192
1274,0.00871341
1275,0.008730659
1276,0.008726297
1277,0.008717976
1278,0.00873734
1279,0.008744763
1280,0.00873985
1281,0.008735715
1282,0.00872778
1283,0.00873257
1284,0.008717786
1285,0.008706799
1286,0.008693735
1287,0.008690688
1288,0.008685994
1289,0.008700057
1290,0.008682053
1291,0.008685188
1292,0.008691371
1293,0.00870295
1294,0.008691504
1295,0.008682132
1296,0.008675657
1297,0.00867667
1298,0.00866896
1299,0.008645772
1300,0.008645037
1301,0.008626429
1302,0.008642183
1303,0.008624932
1304,0.008606831
1305,0.008614288
1306,0.008610707
1307,0.008612129
1308,0.008623769
1309,0.008605659
1310,0.008617658
1311,0.008625799
1312,0.008619092
1313,0.008604857
1314,0.008594848
1315,0.008611588
1316,0.008605587
1317,0.008605508
1318,0.008595226
1319,0.00859826
1320,0.008600336
1321,0.0085882
1322,0.008597752
1323,0.008595702
1324,0.008590927
1325,0.008584386
1326,0.008577514
1327,0.008580068
1328,0.008579567
1329,0.008570326
1330,0.008597614
1331,0.00862471
1332,0.008647275
1333,0.008644062
1334,0.00863411
1335,0.008631881
1336,0.008634706
1337,0.008618563
1338,0.008605104
1339,0.008616705
1340,0.008607881
1341,0.008597236
1342,0.008588087
1343,0.008582289
1344,0.008564228
1345,0.008568324
1346,0.008588683
1347,0.00859616
1348,0.008586249
1349,0.008606735
1350,0.008607082
1351,0.008603186
1352,0.008611393
1353,0.008611864
1354,0.008612112
1355,0.008595643
1356,0.008603256
1357,0.008656898
1358,0.008663819
1359,0.008650778
1360,0.00864359
1361,0.008653094
1362,0.008659553
1363,0.008663027
1364,0.00866356
1365,0.008676437
1366,0.008662817
1367,0.008654412
1368,0.008640815
1369,0.008658535
1370,0.008675907
1371,0.008692615
1372,0.008699273
1373,0.008702601
1374,0.008697603
1375,0.008700342
1376,0.008688758
1377,0.008697752
1378,0.008716019
1379,0.008704738
1380,0.008708352
1381,0.008694012
1382,0.008673262
1383,0.008656834
1384,0.008669256
1385,0.008664037
1386,0.008659235
1387,0.008648689
1388,0.008645729
1389,0.008632489
1390,0.008620714
1391,0.008611438
1392,0.008613592
1393,0.008628156
1394,0.008628442
1395,0.008619819
1396,0.008620019
1397,0.008615996
1398,0.008608666
1399,0.008614137
1400,0.00860732
1401,0.008612887
1402,0.008588603
1403,0.008574731
1404,0.008563136
1405,0.008568581
1406,0.008556735
1407,0.00855434
1408,0.00857005
1409,0.008576937
1410,0.008562106
1411,0.008553774
1412,0.008544934
1413,0.008544848
1414,0.008536437
1415,0.008518629
1416,0.008526653
1417,0.008530179
1418,0.00851186
1419,0.008503438
1420,0.008484497
1421,0.008470907
1422,0.00845562
1423,0.008450926
1424,0.008445625
1425,0.008450383
1426,0.008457086
1427,0.00845762
1428,0.008438743
1429,0.00841429
1430,0.008402458
1431,0.008404754
1432,0.008406638
1433,0.008389087
1434,0.008378604
1435,0.008381958
1436,0.008362017
1437,0.008355469
1438,0.008337198
1439,0.008319532
1440,0.008323393
1441,0.008339549
1442,0.008327379
1443,0.008350134
1444,0.008343164
1445,0.008333442
1446,0.008328
1447,0.00833301
1448,0.008331629
1449,0.008327005
1450,0.008340193
1451,0.008339953
1452,0.008329588
1453,0.008332086
1454,0.008336559
1455,0.008329648
1456,0.008318907
1457,0.008303736
1458,0.008289965
1459,0.00828124
1460,0.008292572
1461,0.008287403
1462,0.008297369
1463,0.008317126
1464,0.008307289
1465,0.008311012
1466,0.008305419
1467,0.008312785
1468,0.008310307
1469,0.008291541
1470,0.008284767
1471,0.008271081
1472,0.00829749
1473,0.008286727
1474,0.008293308
1475,0.008288234
1476,0.008279814
1477,0.008268452
1478,0.008261012
1479,0.008255178
1480,0.008231631
1481,0.008233075
1482,0.008234397
1483,0.008217585
1484,0.008211297
1485,0.008204571
1486,0.008191982
1487,0.008191529
1488,0.008174207
1489,0.008150734
1490,0.00816514
1491,0.008169417
1492,0.008187664
1493,0.008180688
1494,0.00817607
1495,0.008180376
1496,0.008180005
1497,0.008195812
1498,0.008199127
1499,0.008197956
1500,0.008188281
1501,0.008197822
1502,0.008208418
1503,0.00820316
1504,0.008205771
1505,0.008197539
1506,0.008202608
1507,0.008200247
1508,0.008200154
1509,0.008184034
1510,0.008174981
1511,0.008177544
1512,0.008172548
1513,0.008157308
1514,0.008149139
1515,0.008130911
1516,0.008135324
1517,0.008152752
1518,0.008149013
1519,0.008168273
1520,0.00815487
1521,0.008152181
1522,0.008136993
1523,0.008140321
1524,0.008133272
1525,0.008124842
1526,0.008130981
1527,0.008112138
1528,0.008118454
1529,0.008129673
1530,0.008153618
1531,0.008143554
1532,0.008160702
1533,0.008200423
1534,0.00820743
1535,0.008198062
1536,0.008183608
1537,0.008189633
1538,0.008176971
1539,0.008169838
1540,0.008193547
1541,0.008181098
1542,0.00818643
1543,0.008188383
1544,0.008203505
1545,0.008208491
1546,0.008209932
1547,0.008236426
1548,0.008233961
1549,0.00822768
1550,0.008215476
1551,0.00826113
1552,0.008249359
1553,0.008242398
1554,0.008235435
1555,0.008250065
1556,0.008248791
1557,0.008237524
1558,0.008247187
1559,0.008240999
1560,0.008228035
1561,0.008215764
1562,0.008190422
1563,0.008183212
1564,0.008184722
1565,0.008175985
1566,0.008182307
1567,0.008189639
1568,0.008184711
1569,0.008176158
1570,0.008171116
1571,0.008157607
1572,0.008143048
1573,0.008149104
1574,0.008133073
1575,0.008125107
1576,0.008110713
1577,0.008109811
1578,0.008113119
1579,0.008118147
1580,0.008108833
1581,0.008093971
1582,0.008085385
1583,0.008078376
1584,0.008061114
1585,0.008069375
1586,0.008064122
1587,0.008059225
1588,0.008086255
1589,0.008074291
1590,0.008061004
1591,0.008058669
1592,0.008046849
1593,0.008046606
1594,0.008057358
1595,0.008043685
1596,0.008044445
1597,0.008044962
1598,0.008044704
1599,0.008060973
1600,0.008068518
1601,0.008053603
1602,0.008039287
1603,0.008021755
1604,0.008011677
1605,0.008011786
1606,0.00801278
1607,0.008014294
1608,0.007992186
1609,0.007981607
1610,0.007973193
1611,0.00794998
1612,0.007948538
1613,0.007951735
1614,0.007956783
1615,0.00794717
1616,0.007926981
1617,0.007934897
1618,0.007922641
1619,0.007958697
1620,0.007947546
1621,0.007936511
1622,0.007941717
1623,0.00793186
1624,0.007916972
1625,0.007903528
1626,0.007895264
1627,0.007882881
1628,0.007871493
1629,0.007886386
1630,0.007888514
1631,0.007885642
1632,0.007887025
1633,0.007889531
1634,0.007872944
1635,0.007875158
1636,0.00786602
1637,0.007864676
1638,0.007859155
1639,0.007843484
1640,0.007847013
1641,0.007841814
1642,0.007842183
1643,0.007826791
1644,0.007833166
1645,0.00784089
1646,0.007884308
1647,0.007900207
1648,0.007938887
1649,0.007944492
1650,0.007922637
1651,0.007921161
1652,0.007913839
1653,0.007924647
1654,0.007929184
1655,0.007919311
1656,0.007927716
1657,0.007924515
1658,0.007926736
1659,0.007903445
1660,0.007912398
1661,0.007930496
1662,0.007940307
1663,0.00793746
1664,0.00794374
1665,0.007943177
1666,0.007937048
1667,0.007940385
1668,0.007920014
1669,0.007918474
1670,0.007929314
1671,0.007929244
1672,0.007937254
1673,0.007939698
1674,0.007946101
1675,0.007926255
1676,0.007905118
1677,0.007896067
1678,0.007908598
1679,0.007917017
1680,0.007924047
1681,0.007934785
1682,0.007933464
1683,0.007936977
1684,0.007947237
1685,0.007946965
1686,0.007949426
1687,0.007930769
1688,0.007947805
1689,0.007938251
1690,0.007927312
1691,0.007928924
1692,0.007927972
1693,0.007923551
1694,0.007923425
1695,0.007914561
1696,0.007911591
1697,0.007923023
1698,0.007922863
1699,0.007922044
1700,0.007920812
1701,0.007911498
1702,0.007907742
1703,0.007892997
1704,0.007886922
1705,0.007885043
1706,0.007894772
1707,0.007900293
1708,0.007907069
1709,0.007908406
1710,0.007888622
1711,0.007902018
1712,0.007903287
1713,0.007901893
1714,0.007891228
1715,0.007900242
1716,0.007903839
1717,0.007901522
1718,0.007893619
1719,0.007887745
1720,0.007873202
1721,0.007876775
1722,0.007868236
1723,0.007853122
1724,0.007869963
1725,0.007880916
1726,0.007884085
1727,0.007878031
1728,0.007863541
1729,0.007874376
1730,0.007884683
1731,0.007890844
1732,0.007892346
1733,0.007893461
1734,0.007880524
1735,0.007862035
1736,0.00785704
1737,0.007870812
1738,0.007875202
1739,0.007869611
1740,0.007864954
1741,0.007858054
1742,0.007862561
1743,0.007861548
1744,0.007878048
1745,0.007877388
1746,0.007866953
1747,0.007866994
1748,0.007870441
1749,0.007865321
1750,0.007869369
1751,0.00786274
1752,0.007859556
1753,0.007864476
1754,0.007868452
1755,0.007881257
1756,0.007862405
1757,0.007861358
1758,0.007856991
1759,0.007851232
1760,0.007861833
1761,0.007854023
1762,0.007871032
1763,0.007869322
1764,0.00786738
1765,0.007882686
1766,0.007880366
1767,0.007884127
1768,0.007884288
1769,0.007864485
1770,0.007849837
1771,0.00785624
1772,0.007855718
1773,0.007848269
1774,0.007849565
1775,0.007857982
1776,0.007855796
1777,0.007845391
1778,0.007827866
1779,0.007834989
1780,0.007825176
1781,0.007815167
1782,0.007813856
1783,0.007801708
1784,0.00779408
1785,0.007806498
1786,0.007839091
1787,0.007824116
1788,0.007822971
1789,0.007814658
1790,0.007815633
1791,0.007802533
1792,0.007791721
1793,0.007783963
1794,0.007784913
1795,0.007777478
1796,0.007781638
1797,0.007795244
1798,0.007799094
1799,0.007800205
1800,0.007792206
1801,0.007796784
1802,0.007800558
1803,0.007801139
1804,0.007812859
1805,0.007811148
1806,0.007809065
1807,0.007831068
1808,0.007835861
1809,0.007846422
1810,0.007836253
1811,0.007832756
1812,0.007840628
1813,0.007838533
1814,0.007822942
1815,0.007817403
1816,0.007813999
1817,0.007815625
1818,0.00784546
1819,0.0078348
1820,0.007839377
1821,0.007824822
1822,0.007825368
1823,0.007818815
1824,0.007812757
1825,0.007804293
1826,0.007784241
1827,0.007775518
1828,0.007770292
1829,0.00777472
1830,0.007768378
1831,0.007757592
1832,0.007754393
1833,0.007766969
1834,0.007769939
1835,0.007770865
1836,0.007761694
1837,0.007744844
1838,0.007724231
1839,0.007719628
1840,0.007715967
1841,0.007716898
1842,0.007715836
1843,0.00772544
1844,0.007706696
1845,0.007691261
1846,0.007686028
1847,0.007674499
1848,0.007680398
1849,0.007689705
1850,0.007694429
1851,0.007699181
1852,0.007702416
1853,0.007709426
1854,0.007702131
1855,0.00769272
1856,0.00768992
1857,0.007686842
1858,0.007675644
1859,0.00767486
1860,0.007676695
1861,0.007687642
1862,0.007681841
1863,0.007680177
1864,0.007673733
1865,0.007669757
1866,0.007651159
1867,0.007652982
1868,0.007650485
1869,0.007647101
1870,0.007642272
1871,0.007631075
1872,0.007647364
1873,0.007636129
1874,0.00762067
1875,0.007599719
1876,0.007604985
1877,0.00760267
1878,0.007605287
1879,0.007629097
1880,0.007633243
1881,0.007631717
1882,0.007633093
1883,0.007608994
1884,0.007628436
1885,0.007623464
1886,0.007627583
1887,0.007610646
1888,0.007595067
1889,0.007585422
1890,0.007570353
1891,0.007562626
1892,0.007561878
1893,0.007570984
1894,0.00756572
1895,0.007558367
1896,0.007550557
1897,0.007557114
1898,0.007552514
1899,0.00756329
1900,0.007576113
1901,0.007571028
1902,0.007562026
1903,0.007546828
1904,0.007550861
1905,0.007550261
1906,0.007538957
1907,0.007543554
1908,0.00753715
1909,0.007543927
1910,0.007552131
1911,0.007546807
1912,0.007535194
1913,0.007531281
1914,0.00751581
1915,0.007519972
1916,0.007520152
1917,0.007512506
1918,0.007515067
1919,0.00751055
1920,0.007515245
1921,0.007513979
1922,0.007520745
1923,0.007524053
1924,0.007528878
1925,0.007520946
1926,0.007508962
1927,0.007489882
1928,0.007469185
1929,0.00746066
1930,0.007456232
1931,0.007462071
1932,0.007451082
1933,0.007454965
1934,0.007460909
1935,0.007456447
1936,0.007459142
1937,0.007455445
1938,0.007450999
1939,0.007457895
1940,0.007466631
1941,0.007461213
1942,0.007455602
1943,0.007442201
1944,0.007466726
1945,0.007464089
1946,0.007457375
1947,0.007443716
1948,0.007431796
1949,0.007423446
1950,0.007426993
1951,0.00742277
1952,0.007420007
1953,0.007408012
1954,0.007402059
1955,0.007395945
1956,0.007402011
1957,0.007398588
1958,0.007412271
1959,0.007416659
1960,0.0074177
1961,0.007411636
1962,0.007408985
1963,0.00739236
1964,0.007390327
1965,0.007379615
1966,0.007389236
1967,0.00737766
1968,0.007373088
1969,0.007367617
1970,0.007362755
1971,0.007347451
1972,0.007344267
1973,0.007336267
1974,0.007344967
1975,0.007342751
1976,0.00733834
1977,0.00732972
1978,0.007346725
1979,0.00735043
1980,0.007356712
1981,0.00735407
1982,0.00735217
1983,0.007357541
1984,0.007350189
1985,0.007348398
1986,0.007346235
1987,0.007341474
1988,0.007344151
1989,0.00733659
1990,0.00734725
1991,0.007339859
1992,0.007328272
1993,0.007320099
1994,0.007329886
1995,0.007323707
1996,0.007343554
1997,0.007355157
1998,0.007360125
1999,0.007369465
2000,0.0073926
2001,0.007392906
2002,0.007393093
2003,0.007388027
2004,0.007395631
2005,0.007383352
2006,0.007372069
2007,0.007371912
2008,0.007364878
2009,0.007361502
2010,0.007368509
2011,0.007359918
2012,0.007353962
2013,0.007354901
2014,0.007355323
2015,0.007348967
2016,0.007339619
2017,0.007340837
2018,0.007368738
2019,0.007367304
2020,0.007370326
2021,0.007364742
2022,0.007366297
2023,0.007359524
2024,0.007354067
2025,0.00734189
2026,0.007341379
2027,0.007340187
2028,0.007331767
2029,0.007357739
2030,0.007351453
2031,0.007389025
2032,0.007413877
2033,0.007406501
2034,0.007390933
2035,0.007384379
2036,0.007379108
2037,0.00737635
2038,0.007364387
2039,0.007359102
2040,0.007352241
2041,0.007348919
2042,0.007338757
2043,0.007334635
2044,0.007322475
2045,0.007315081
2046,0.007313625
2047,0.007305018
2048,0.007297074
2049,0.007271161
2050,0.007259237
2051,0.007255206
2052,0.007260372
2053,0.007257421
2054,0.007275332
2055,0.007268744
2056,0.007275767
2057,0.007284018
2058,0.007283041
2059,0.007282454
2060,0.00727902
2061,0.007283978
2062,0.007272442
2063,0.007286485
2064,0.007279445
2065,0.007272689
2066,0.007277629
2067,0.007277833
2068,0.007277361
2069,0.007275322
2070,0.007277246
2071,0.007287931
2072,0.007288543
2073,0.007313114
2074,0.007302402
2075,0.007282345
2076,0.007272739
2077,0.007270323
2078,0.00726302
2079,0.007284147
2080,0.007285801
2081,0.007271967
2082,0.007292219
2083,0.007288799
2084,0.007286525
2085,0.00727622
2086,0.007264193
2087,0.007266906
2088,0.007263866
2089,0.007256997
2090,0.007278113
2091,0.007279581
2092,0.007287794
2093,0.007291419
2094,0.007303794
2095,0.00730368
2096,0.007311269
2097,0.007315474
2098,0.007307327
2099,0.007304339
2100,0.007310026
2101,0.007301914
2102,0.007285242
2103,0.007287901
2104,0.007300562
2105,0.007303434
2106,0.007309353
2107,0.007320256
2108,0.007326956
2109,0.007321528
2110,0.007320274
2111,0.007312471
2112,0.0072983
2113,0.007304399
2114,0.007292233
2115,0.007280868
2116,0.00727083
2117,0.007271194
2118,0.007276292
2119,0.007266889
2120,0.007258347
2121,0.007249874
2122,0.007247577
2123,0.007251409
2124,0.007247278
2125,0.007247621
2126,0.007233504
2127,0.007235553
2128,0.007232881
2129,0.007226924
2130,0.007226299
2131,0.007223468
2132,0.007208882
2133,0.007198118
2134,0.007194032
2135,0.007187163
2136,0.007198493
2137,0.007202719
2138,0.007200663
2139,0.007204818
2140,0.007184343
2141,0.007174932
2142,0.007185361
2143,0.00721576
2144,0.007223644
2145,0.007222742
2146,0.007220414
2147,0.007211664
2148,0.007223017
2149,0.00720699
2150,0.007212389
2151,0.007217339
2152,0.00721572
2153,0.007223594
2154,0.007215684
2155,0.007209346
2156,0.007194294
2157,0.007189901
2158,0.007187639
2159,0.007193983
2160,0.007199217
2161,0.007206527
2162,0.007184079
2163,0.007203928
2164,0.007202176
2165,0.007183985
2166,0.007188918
2167,0.00717979
2168,0.00717301
2169,0.007179305
2170,0.007175898
2171,0.007169395
2172,0.007164987
2173,0.0071755
2174,0.007164698
2175,0.007145615
2176,0.007156
2177,0.00715974
2178,0.007156107
2179,0.007139567
2180,0.007158969
2181,0.007155353
2182,0.007155442
2183,0.007173264
2184,0.007175939
2185,0.007185071
2186,0.007198901
2187,0.007200549
2188,0.007199461
2189,0.007190045
2190,0.007196067
2191,0.007197454
2192,0.007186406
2193,0.007206399
2194,0.007212971
2195,0.007210147
2196,0.007221676
2197,0.007227104
2198,0.0072343
2199,0.007217716
2200,0.007225384
2201,0.007234447
2202,0.007233051
2203,0.007224448
2204,0.007217281
2205,0.007217802
2206,0.007227794
2207,0.007250651
2208,0.007256812
2209,0.0072533
2210,0.007253516
2211,0.007244865
2212,0.007242781
2213,0.007244249
2214,0.007256214
2215,0.007270159
2216,0.007289153
2217,0.007284735
2218,0.007297073
2219,0.007293827
2220,0.007296593
2221,0.007287132
2222,0.007279144
2223,0.007271171
2224,0.007270248
2225,0.007272886
2226,0.007274581
2227,0.0072708
2228,0.007253322
2229,0.007246436
2230,0.007232356
2231,0.00721728
2232,0.007211351
2233,0.007204022
2234,0.00719875
2235,0.007191869
2236,0.00718125
2237,0.007177152
2238,0.007158049
2239,0.007158194
2240,0.007146223
2241,0.007146996
2242,0.00715019
2243,0.007143199
2244,0.007147494
2245,0.007149885
2246,0.007147616
2247,0.007156367
2248,0.007168691
2249,0.007158575
2250,0.007165581
2251,0.007162185
2252,0.007162344
2253,0.007164093
2254,0.007156336
2255,0.007148067
2256,0.00715471
2257,0.007161855
2258,0.007159159
2259,0.007165063
2260,0.007162286
2261,0.007175055
2262,0.00717266
2263,0.007155786
2264,0.00715255
2265,0.007137181
2266,0.007123837
2267,0.007112211
2268,0.00711174
2269,0.007109398
2270,0.007104706
2271,0.00709005
2272,0.007086126
2273,0.007083505
2274,0.007090525
2275,0.007071412
2276,0.00707138
2277,0.007069328
2278,0.00706557
2279,0.007064145
2280,0.007074685
2281,0.00707273
2282,0.007085583
2283,0.007079384
2284,0.007080461
2285,0.007082093
2286,0.007070319
2287,0.007065525
2288,0.007072663
2289,0.007070119
2290,0.007081098
2291,0.007097529
2292,0.007085828
2293,0.007068917
2294,0.007068093
2295,0.00706507
2296,0.007059707
2297,0.007046701
2298,0.007050894
2299,0.007042466
2300,0.007030771
2301,0.007009271
2302,0.006996941
2303,0.006999313
2304,0.006994695
2305,0.007002976
2306,0.007000699
2307,0.007001227
2308,0.00700269
2309,0.00699094
2310,0.006983709
2311,0.006968911
2312,0.006980866
2313,0.006990278
2314,0.007020853
2315,0.007037922
2316,0.007032574
2317,0.007031112
2318,0.007028357
2319,0.007029613
2320,0.0070133
2321,0.007022252
2322,0.007038475
2323,0.007035299
2324,0.007035763
2325,0.007051035
2326,0.007046888
2327,0.007053519
2328,0.007042829
2329,0.007046116
2330,0.007042667
2331,0.007048664
2332,0.007047903
2333,0.007041141
2334,0.007037843
2335,0.007022871
2336,0.007016183
2337,0.00699962
2338,0.006986696
2339,0.006984356
2340,0.006989433
2341,0.006996716
2342,0.007007567
2343,0.007007562
2344,0.006999435
2345,0.006994027
2346,0.006996557
2347,0.006992078
2348,0.007014366
2349,0.007002635
2350,0.006999743
2351,0.006993555
2352,0.007002167
2353,0.00700304
2354,0.007013626
2355,0.007031958
2356,0.007025148
2357,0.007032145
2358,0.007026783
2359,0.007015552
2360,0.007004059
2361,0.006994421
2362,0.006990555
2363,0.006987664
2364,0.006991164
2365,0.00697746
2366,0.006960112
2367,0.006947117
2368,0.006940793
2369,0.006944818
2370,0.006969625
2371,0.006982795
2372,0.006981236
2373,0.006986151
2374,0.00703952
2375,0.007032373
2376,0.007035013
2377,0.007028525
2378,0.007026141
2379,0.007031663
2380,0.007022344
2381,0.007010203
2382,0.007016925
2383,0.007012096
2384,0.007000255
2385,0.006987827
2386,0.006989968
2387,0.006982633
2388,0.006965148
2389,0.00697247
2390,0.00698739
2391,0.006988246
2392,0.007010523
2393,0.007022001
2394,0.007013663
2395,0.007007194
2396,0.007028385
2397,0.007029897
2398,0.007030305
2399,0.007011944
2400,0.007009807
2401,0.006999717
2402,0.00697618
2403,0.006967329
2404,0.006953129
2405,0.006959944
2406,0.006949519
2407,0.006939015
2408,0.006954148
2409,0.006936277
2410,0.006946676
2411,0.006939646
2412,0.006949973
2413,0.006951818
2414,0.006964019
2415,0.006964641
2416,0.006962181
2417,0.006966396
2418,0.006963247
2419,0.006949973
2420,0.006934819
2421,0.006927579
2422,0.006908572
2423,0.00690641
2424,0.006887792
2425,0.006883862
2426,0.006867564
2427,0.006874187
2428,0.006871866
2429,0.006886052
2430,0.006902378
2431,0.006920773
2432,0.006920183
2433,0.00692033
2434,0.006918144
2435,0.006922336
2436,0.006912389
2437,0.006909533
2438,0.006923665
2439,0.006917325
2440,0.006907652
2441,0.006901221
2442,0.00689281
2443,0.006890429
2444,0.00688502
2445,0.006887768
2446,0.006876986
2447,0.006867871
2448,0.006872246
2449,0.006873918
2450,0.006880362
2451,0.006883005
2452,0.006888005
2453,0.006885737
2454,0.006887528
2455,0.006864634
2456,0.006854996
2457,0.006843506
2458,0.006848598
2459,0.006858776
2460,0.006868366
2461,0.006869457
2462,0.006882017
2463,0.00687522
2464,0.006875471
2465,0.006876641
2466,0.006854991
2467,0.006846425
2468,0.006852272
2469,0.006858905
2470,0.006868955
2471,0.006872688
2472,0.006856331
2473,0.006850726
2474,0.006856176
2475,0.006850043
2476,0.006836931
2477,0.006835273
2478,0.006837126
2479,0.006837076
2480,0.0068243
2481,0.006814015
2482,0.006802228
2483,0.006790219
2484,0.00678222
2485,0.006761476
2486,0.00676038
2487,0.00678228
2488,0.006769983
2489,0.006761767
2490,0.006758341
2491,0.006762789
2492,0.006760902
2493,0.006746705
2494,0.006728561
2495,0.006731782
2496,0.006734895
2497,0.00674896
2498,0.00675684
2499,0.00674811
2500,0.006734194
2501,0.00672619
2502,0.006716978
2503,0.006735407
2504,0.006736218
2505,0.006750713
2506,0.006739996
2507,0.006733645
2508,0.006718017
2509,0.006714116
2510,0.00670301
2511,0.006715436
2512,0.006713714
2513,0.006706599
2514,0.006695588
2515,0.006688088
2516,0.006691037
2517,0.006698226
2518,0.006692913
2519,0.006695019
2520,0.006691978
2521,0.006680471
2522,0.006680206
2523,0.006675871
2524,0.006673909
2525,0.00667793
2526,0.006698168
2527,0.006710015
2528,0.006709759
2529,0.006701517
2530,0.006701573
2531,0.006702713
2532,0.006709861
2533,0.006701181
2534,0.006697666
2535,0.006690078
2536,0.006682396
2537,0.006677113
2538,0.006675522
2539,0.006693087
2540,0.006686853
2541,0.00666816
2542,0.006676263
2543,0.006671935
2544,0.006668788
2545,0.006659669
2546,0.006686091
2547,0.006692792
2548,0.00668971
2549,0.006688954
2550,0.006693186
2551,0.00670683
2552,0.006705723
2553,0.006710392
2554,0.006734132
2555,0.006727262
2556,0.006723478
2557,0.006726503
2558,0.006736117
2559,0.00673535
2560,0.006749378
2561,0.006749275
2562,0.006732436
2563,0.006735027
2564,0.006737572
2565,0.006732955
2566,0.006747938
2567,0.006751953
2568,0.006746475
2569,0.006757374
2570,0.006779558
2571,0.006802398
2572,0.006799182
2573,0.006793294
2574,0.006798372
2575,0.006795629
2576,0.006791808
2577,0.006794039
2578,0.006776648
2579,0.006777107
2580,0.006768873
2581,0.006761977
2582,0.00674328
2583,0.006742896
2584,0.006750617
2585,0.006753061
2586,0.006748711
2587,0.006742281
2588,0.006744745
2589,0.00674007
2590,0.006751509
2591,0.006747187
2592,0.006747113
2593,0.006746534
2594,0.006754389
2595,0.006745236
2596,0.006738611
2597,0.006733405
2598,0.006742361
2599,0.006757313
2600,0.006768279
2601,0.006775171
2602,0.006780389
2603,0.006774574
2604,0.006769773
2605,0.006764161
2606,0.006757969
2607,0.006750207
2608,0.006754574
2609,0.00676042
2610,0.006762264
2611,0.006752619
2612,0.006751974
2613,0.006764538
2614,0.006766001
2615,0.006766684
2616,0.006754567
2617,0.00674918
2618,0.006752223
2619,0.006755618
2620,0.006747258
2621,0.006737885
2622,0.006730402
2623,0.006718877
2624,0.006730421
2625,0.006737656
2626,0.00673335
2627,0.006728115
2628,0.006721279
2629,0.00672257
2630,0.006724238
2631,0.006716641
2632,0.00671303
2633,0.006707501
2634,0.006705103
2635,0.006696944
2636,0.0066999
2637,0.006696936
2638,0.00670361
2639,0.00670432
2640,0.006714777
2641,0.006741503
2642,0.00673935
2643,0.006737346
2644,0.006736122
2645,0.006735467
2646,0.006747498
2647,0.006755099
2648,0.006740071
2649,0.006738217
2650,0.006735297
2651,0.006751993
2652,0.00675563
2653,0.006747221
2654,0.006745326
2655,0.006736091
2656,0.006735661
2657,0.006740834
2658,0.006730396
2659,0.006721428
2660,0.006731629
2661,0.00672171
2662,0.006719069
2663,0.006726959
2664,0.006736772
2665,0.006742852
2666,0.006749501
2667,0.006753452
2668,0.006745779
2669,0.006742329
2670,0.006737006
2671,0.006733763
2672,0.006754996
2673,0.006769973
2674,0.006764975
2675,0.006766261
2676,0.006753252
2677,0.006763072
2678,0.006771535
2679,0.006766268
2680,0.006763788
2681,0.006759759
2682,0.006765794
2683,0.006761667
2684,0.00674763
2685,0.00674502
2686,0.006737529
2687,0.006739541
2688,0.0067621
2689,0.006747685
2690,0.006745071
2691,0.00674917
2692,0.006750452
2693,0.006755525
2694,0.006748183
2695,0.006740088
2696,0.006746616
2697,0.006741987
2698,0.006740499
2699,0.006763175
2700,0.006751163
2701,0.00676248
2702,0.006762899
2703,0.006757482
2704,0.006745451
2705,0.006729691
2706,0.006719182
2707,0.006738713
2708,0.0067232
2709,0.006705796
2710,0.006706412
2711,0.00669716
2712,0.00669261
2713,0.006695016
2714,0.006676601
2715,0.006681645
2716,0.006685309
2717,0.006670429
2718,0.006695475
2719,0.006680953
2720,0.006674927
2721,0.006671333
2722,0.006682941
2723,0.006677043
2724,0.006677772
2725,0.006682518
2726,0.006674437
2727,0.006668566
2728,0.006665896
2729,0.006666626
2730,0.006671625
2731,0.006674816
2732,0.006676669
2733,0.006658936
2734,0.006652469
2735,0.00665118
2736,0.006636493
2737,0.0066387
2738,0.006643944
2739,0.006642253
2740,0.006659369
2741,0.00664948
2742,0.006636503
2743,0.006630013
2744,0.00664224
2745,0.006643942
2746,0.00664583
2747,0.006625266
2748,0.006623992
2749,0.006606574
2750,0.006599444
2751,0.006605621
2752,0.006607664
2753,0.006627147
2754,0.006644914
2755,0.00664711
2756,0.006649736
2757,0.006654878
2758,0.006653548
2759,0.006643505
2760,0.006636009
2761,0.006666248
2762,0.006671863
2763,0.006665913
2764,0.006665161
2765,0.006656661
2766,0.006653271
2767,0.00664301
2768,0.006635843
2769,0.006638655
2770,0.006650262
2771,0.00664949
2772,0.006631441
2773,0.006643561
2774,0.006624719
2775,0.006647396
2776,0.006631835
2777,0.006626467
2778,0.006624909
2779,0.006631335
2780,0.006639708
2781,0.006657576
2782,0.006653276
2783,0.006642586
2784,0.006624052
2785,0.006620553
2786,0.006615078
2787,0.006600257
2788,0.006599395
2789,0.006599583
2790,0.006595035
2791,0.006604826
2792,0.006613871
2793,0.006613201
2794,0.006629362
2795,0.006623866
2796,0.006615454
2797,0.00660329
2798,0.006612586
2799,0.006608182
2800,0.006598574
2801,0.006603349
2802,0.006595357
2803,0.006588207
2804,0.006579844
2805,0.006567184
2806,0.006585242
2807,0.006585954
2808,0.006575283
2809,0.006570324
2810,0.006568321
2811,0.006569474
2812,0.006557019
2813,0.006550958
2814,0.006566524
2815,0.006561231
2816,0.00655416
2817,0.006554456
2818,0.006556424
2819,0.006561567
2820,0.006555674
2821,0.006549834
2822,0.006553363
2823,0.00656074
2824,0.006548726
2825,0.00655767
2826,0.006546356
2827,0.006551767
2828,0.006545785
2829,0.006555046
2830,0.006549643
2831,0.006550281
2832,0.006532627
2833,0.006536412
2834,0.006534329
2835,0.006525861
2836,0.006529167
2837,0.006528693
2838,0.006544046
2839,0.006554912
2840,0.006556203
2841,0.00655907
2842,0.006569675
2843,0.006568954
2844,0.006578406
2845,0.00657346
2846,0.006547944
2847,0.006541167
2848,0.00653894
2849,0.006528841
2850,0.006530939
2851,0.006516764
2852,0.006508599
2853,0.006496348
2854,0.006487441
2855,0.006490481
2856,0.006485897
2857,0.006498326
2858,0.006501918
2859,0.006516408
2860,0.006503359
2861,0.006497455
2862,0.006487648
2863,0.006470924
2864,0.006462034
2865,0.006492007
2866,0.006491006
2867,0.006490129
2868,0.006477712
2869,0.006470972
2870,0.006466769
2871,0.006457887
2872,0.006450976
2873,0.006447934
2874,0.006448332
2875,0.006439297
2876,0.006435478
2877,0.00643672
2878,0.00643351
2879,0.00643253
2880,0.00643621
2881,0.00642712
2882,0.006436659
2883,0.006432964
2884,0.006448305
2885,0.006447557
2886,0.006451118
2887,0.006465987
2888,0.006469329
2889,0.006486706
2890,0.006490708
2891,0.006479871
2892,0.006485574
2893,0.00652035
2894,0.006516246
2895,0.006515631
2896,0.006493532
2897,0.006487802
2898,0.006490321
2899,0.006492655
2900,0.006500144
2901,0.006495249
2902,0.006484216
2903,0.0064902
2904,0.006480571
2905,0.006469169
2906,0.006459709
2907,0.006460607
2908,0.006458899
2909,0.006487314
2910,0.006490411
2911,0.006493702
2912,0.006503632
2913,0.006507087
2914,0.006509469
2915,0.006500264
2916,0.006507451
2917,0.006508839
2918,0.006497505
2919,0.006530811
2920,0.006524239
2921,0.006525521
2922,0.006526769
2923,0.006518154
2924,0.006517606
2925,0.006516376
2926,0.006546575
2927,0.006556485
2928,0.006546751
2929,0.006553089
2930,0.006559253
2931,0.006564147
2932,0.006551473
2933,0.006547093
2934,0.006534538
2935,0.00652161
2936,0.006555529
2937,0.006554275
2938,0.006546816
2939,0.006558237
2940,0.006551007
2941,0.00655318
2942,0.006550387
2943,0.006547515
2944,0.00655842
2945,0.006552351
2946,0.006553717
2947,0.006546441
2948,0.006544269
2949,0.006547751
2950,0.006540514
2951,0.006533575
2952,0.006517097
2953,0.006518798
2954,0.006538113
2955,0.00653094
2956,0.006527671
2957,0.006539247
2958,0.006559129
2959,0.00656545
2960,0.006555243
2961,0.006546051
2962,0.006548721
2963,0.006532452
2964,0.00652239
2965,0.006520311
2966,0.00651897
2967,0.006516896
2968,0.006516473
2969,0.006519602
2970,0.006510367
2971,0.006502759
2972,0.006490242
2973,0.006481979
2974,0.006472059
2975,0.006464621
2976,0.006456986
2977,0.006447121
2978,0.006441159
2979,0.006461235
2980,0.006451287
2981,0.00644534
2982,0.006446093
2983,0.006437967
2984,0.006438032
2985,0.006441153
2986,0.006446623
2987,0.006466325
2988,0.006463006
2989,0.00646658
2990,0.00645355
2991,0.006445568
2992,0.006443428
2993,0.00644373
2994,0.006443164
2995,0.006433869
2996,0.006421266
2997,0.006414263
2998,0.006421789
2999,0.006405928
3000,0.00639076
3001,0.006388184
3002,0.006384463
3003,0.006391043
3004,0.006383706
3005,0.006380541
3006,0.006385665
3007,0.006369544
3008,0.006358966
3009,0.006370461
3010,0.006377418
3011,0.006367739
3012,0.006353091
3013,0.006346726
3014,0.006332578
3015,0.006321152
3016,0.006333473
3017,0.006353968
3018,0.006346002
3019,0.006341646
3020,0.006355852
3021,0.006352928
3022,0.006340801
3023,0.006336574
3024,0.006341582
3025,0.006335736
3026,0.006347206
3027,0.006352755
3028,0.006363217
3029,0.006359237
3030,0.006369207
3031,0.006358367
3032,0.006358563
3033,0.006359083
3034,0.00635985
3035,0.006353034
3036,0.006349564
3037,0.006339289
3038,0.006346697
3039,0.006359823
3040,0.006351105
3041,0.006372507
3042,0.006370689
3043,0.006372204
3044,0.006365062
3045,0.006365152
3046,0.006377913
3047,0.006361464
3048,0.006354564
3049,0.006362348
3050,0.006362919
3051,0.006373558
3052,0.006375079
3053,0.006365454
3054,0.00636204
3055,0.006385572
3056,0.006373831
3057,0.006373681
3058,0.006373262
3059,0.006365063
3060,0.00635784
3061,0.006342744
3062,0.006347829
3063,0.006337758
3064,0.006359579
3065,0.0063665
3066,0.006356594
3067,0.006351176
3068,0.006347355
3069,0.006340784
3070,0.006329406
3071,0.006322303
3072,0.006305073
3073,0.006301553
3074,0.006291929
3075,0.006279411
3076,0.006278707
3077,0.006287452
3078,0.006277982
3079,0.0062657
3080,0.006267433
3081,0.006270899
3082,0.006258166
3083,0.006248713
3084,0.00624989
3085,0.006252552
3086,0.006239819
3087,0.006230319
3088,0.006227608
3089,0.006228236
3090,0.006233916
3091,0.006216303
3092,0.006201592
3093,0.006208755
3094,0.006201501
3095,0.006201959
3096,0.006191124
3097,0.006186957
3098,0.006181787
3099,0.006181469
3100,0.006179013
3101,0.006168117
3102,0.006162051
3103,0.006166309
3104,0.00617683
3105,0.006173757
3106,0.006178356
3107,0.00617294
3108,0.006165298
3109,0.00615837
3110,0.006154493
3111,0.006149951
3112,0.006163456
3113,0.006164087
3114,0.006168194
3115,0.006168151
3116,0.006175983
3117,0.006167532
3118,0.006172634
3119,0.006173325
3120,0.006185057
3121,0.006193541
3122,0.006183562
3123,0.006176503
3124,0.006187305
3125,0.006217308
3126,0.006216381
3127,0.006215498
3128,0.006201485
3129,0.006202386
3130,0.006199133
3131,0.00620159
3132,0.006234522
3133,0.006232592
3134,0.006237313
3135,0.006235871
3136,0.006228703
3137,0.006216665
3138,0.006212841
3139,0.006202184
3140,0.006191866
3141,0.006182225
3142,0.006192973
3143,0.006194961
3144,0.0061952
3145,0.006197886
3146,0.006197623
3147,0.006199785
3148,0.006206324
3149,0.006209306
3150,0.006214255
3151,0.006249816
3152,0.006245807
3153,0.006235412
3154,0.006233469
3155,0.006225173
3156,0.006224995
3157,0.00621819
3158,0.006216424
3159,0.006209519
3160,0.006203339
3161,0.006201756
3162,0.00619723
3163,0.006189132
3164,0.006181258
3165,0.006175717
3166,0.00617856
3167,0.006194793
3168,0.00618554
3169,0.006188626
3170,0.006197495
3171,0.006208831
3172,0.00620529
3173,0.006203238
3174,0.00618588
3175,0.006182333
3176,0.006181482
3177,0.006171336
3178,0.006181786
3179,0.006176668
3180,0.006189814
3181,0.006209903
3182,0.006217993
3183,0.006223923
3184,0.006215124
3185,0.006222129
3186,0.006232595
3187,0.006227672
3188,0.006219806
3189,0.006209809
3190,0.006222415
3191,0.006227075
3192,0.006220089
3193,0.006221746
3194,0.006204087
3195,0.006198917
3196,0.006205901
3197,0.006189512
3198,0.006192488
3199,0.006215239
3200,0.006223929
3201,0.00621797
3202,0.006219939
3203,0.006212679
3204,0.006203974
3205,0.006190485
3206,0.006186607
3207,0.006171819
3208,0.00616202
3209,0.006169006
3210,0.006162296
3211,0.006152422
3212,0.006136521
3213,0.006138514
3214,0.006155953
3215,0.006161186
3216,0.006167554
3217,0.006159483
3218,0.00615301
3219,0.006149348
3220,0.006154225
3221,0.006152176
3222,0.00615269
3223,0.006144836
3224,0.006137135
3225,0.006132712
3226,0.006140624
3227,0.006152142
3228,0.00615325
3229,0.00615599
3230,0.006159895
3231,0.006150938
3232,0.006146458
3233,0.006133014
3234,0.006124547
3235,0.00612877
3236,0.006122131
3237,0.006124428
3238,0.006142323
3239,0.00614281
3240,0.006139416
3241,0.006136071
3242,0.00613162
3243,0.006133444
3244,0.006134001
3245,0.006128105
3246,0.006118566
3247,0.006123668
3248,0.006149481
3249,0.006150967
3250,0.006165325
3251,0.006163791
3252,0.006155383
3253,0.006144631
3254,0.006151525
3255,0.006149319
3256,0.006147251
3257,0.006145874
3258,0.006141665
3259,0.006137631
3260,0.006135808
3261,0.00613207
3262,0.006123729
3263,0.006115557
3264,0.006112722
3265,0.006095591
3266,0.00609651
3267,0.006083552
3268,0.006091646
3269,0.006084352
3270,0.006077484
3271,0.006098349
3272,0.00610681
3273,0.006093966
3274,0.006082578
3275,0.006072749
3276,0.006080843
3277,0.006077487
3278,0.006097663
3279,0.00609317
3280,0.006083871
3281,0.006084563
3282,0.006095388
3283,0.006099509
3284,0.006097312
3285,0.006096907
3286,0.006095934
3287,0.00609682
3288,0.006102056
3289,0.006106748
3290,0.006099173
3291,0.006094147
3292,0.006083707
3293,0.006102105
3294,0.006089548
3295,0.006082622
3296,0.006095223
3297,0.006106458
3298,0.006098426
3299,0.006100546
3300,0.006099525
3301,0.00609355
3302,0.006082912
3303,0.006078411
3304,0.006085911
3305,0.006092725
3306,0.006106867
3307,0.006106147
3308,0.006099694
3309,0.006129928
3310,0.006129173
3311,0.006135042
3312,0.006134574
3313,0.006138767
3314,0.006140051
3315,0.006128926
3316,0.006130181
3317,0.006121064
3318,0.006121195
3319,0.006118957
3320,0.006137759
3321,0.006129729
3322,0.006118221
3323,0.00610918
3324,0.006108992
3325,0.006106173
3326,0.006106977
3327,0.006103816
3328,0.006112299
3329,0.00611902
3330,0.006131027
3331,0.006127491
3332,0.006139674
3333,0.006132099
3334,0.006124983
3335,0.006125373
3336,0.006131864
3337,0.006123003
3338,0.006126105
3339,0.006119466
3340,0.006116231
3341,0.006116367
3342,0.006115277
3343,0.006129007
3344,0.006139562
3345,0.006126264
3346,0.006118116
3347,0.006129926
3348,0.006116692
3349,0.006120807
3350,0.006118889
3351,0.006105608
3352,0.006114321
3353,0.006131866
3354,0.006147085
3355,0.006169513
3356,0.006179614
3357,0.006178023
3358,0.006174959
3359,0.00617144
3360,0.00616727
3361,0.006165998
3362,0.006178936
3363,0.006194077
3364,0.006200271
3365,0.006197343
3366,0.006202212
3367,0.006191955
3368,0.00618057
3369,0.006174985
3370,0.006169919
3371,0.006173358
3372,0.00617664
3373,0.006177627
3374,0.006182114
3375,0.00618871
3376,0.00619731
3377,0.006201671
3378,0.0062262
3379,0.006225244
3380,0.006224782
3381,0.006215336
3382,0.006226481
3383,0.006216882
3384,0.006212106
3385,0.006206967
3386,0.006200715
3387,0.006214124
3388,0.006225975
3389,0.006222408
3390,0.00621758
3391,0.006210321
3392,0.006199515
3393,0.006203898
3394,0.006203363
3395,0.006207352
3396,0.006207894
3397,0.00619862
3398,0.006218488
3399,0.006216606
3400,0.006237073
3401,0.006243777
3402,0.006237233
3403,0.006244065
3404,0.006241104
3405,0.006240488
3406,0.006256199
3407,0.006257483
3408,0.006257886
3409,0.006261612
3410,0.006242884
3411,0.006232251
3412,0.006223923
3413,0.006210609
3414,0.006197344
3415,0.006201976
3416,0.006210212
3417,0.006207752
3418,0.00620618
3419,0.00619897
3420,0.006200705
3421,0.006188138
3422,0.006200776
3423,0.006197504
3424,0.006200793
3425,0.006196454
3426,0.006195823
3427,0.006196016
3428,0.00619003
3429,0.006184952
3430,0.006176406
3431,0.006169326
3432,0.006154188
3433,0.006138834
3434,0.00614519
3435,0.006139126
3436,0.006139938
3437,0.006148382
3438,0.006161436
3439,0.006160952
3440,0.006141872
3441,0.006149503
3442,0.006148907
3443,0.006145679
3444,0.006142346
3445,0.006141671
3446,0.006137341
3447,0.00613718
3448,0.006145989
3449,0.006136511
3450,0.006129609
3451,0.006126151
3452,0.006117653
3453,0.006130041
3454,0.006122277
3455,0.006126035
3456,0.006111358
3457,0.00611412
3458,0.006112765
3459,0.006123279
3460,0.006123356
3461,0.006115964
3462,0.006107468
3463,0.006114352
3464,0.006111526
3465,0.006110821
3466,0.006121558
3467,0.00612272
3468,0.006120543
3469,0.006111362
3470,0.006131971
3471,0.006131735
3472,0.006133424
3473,0.006123905
3474,0.006107832
3475,0.006104407
3476,0.006095798
3477,0.006111771
3478,0.006104348
3479,0.006104194
3480,0.006090122
3481,0.006092012
3482,0.006096195
3483,0.006106102
3484,0.006102552
3485,0.006094248
3486,0.006091886
3487,0.006092101
3488,0.006089942
3489,0.006087912
3490,0.006099273
3491,0.006092418
3492,0.006087593
3493,0.006080039
3494,0.006086232
3495,0.006073649
3496,0.006086144
3497,0.006076944
3498,0.006075705
3499,0.006084621
3500,0.006076237
3501,0.006077318
3502,0.006086628
3503,0.006088319
3504,0.006097641
3505,0.006111516
3506,0.006110123
3507,0.00611636
3508,0.006117486
3509,0.006120901
3510,0.006122921
3511,0.006117412
3512,0.006113668
3513,0.006119105
3514,0.006125131
3515,0.006117582
3516,0.006128547
3517,0.006140479
3518,0.006154718
3519,0.00615785
3520,0.006154834
3521,0.006163023
3522,0.006179869
3523,0.006188882
3524,0.006183631
3525,0.006183375
3526,0.006185192
3527,0.006171225
3528,0.006180696
3529,0.006176833
3530,0.006169495
3531,0.006156091
3532,0.006148754
3533,0.006155624
3534,0.006152556
3535,0.006146251
3536,0.006147446
3537,0.006143099
3538,0.006161351
3539,0.006168843
3540,0.006181311
3541,0.006188283
3542,0.006185948
3543,0.006175445
3544,0.00616596
3545,0.006153376
3546,0.006160534
3547,0.006153623
3548,0.006144416
3549,0.006142159
3550,0.006143959
3551,0.006133216
3552,0.006129848
3553,0.006111651
3554,0.006103338
3555,0.006095654
3556,0.00609811
3557,0.006105562
3558,0.00610133
3559,0.006092871
3560,0.006093155
3561,0.006089749
3562,0.006086371
3563,0.006080421
3564,0.006071517
3565,0.006068463
3566,0.006060784
3567,0.006064374
3568,0.006063022
3569,0.006055628
3570,0.006052446
3571,0.006051628
3572,0.006051431
3573,0.006043799
3574,0.006022867
3575,0.006027794
3576,0.006085442
3577,0.006077246
3578,0.006075775
3579,0.006074191
3580,0.006072469
3581,0.006061323
3582,0.006067544
3583,0.00606155
3584,0.00606103
3585,0.006055844
3586,0.006062425
3587,0.006057468
3588,0.006052692
3589,0.006056036
3590,0.006044573
3591,0.00604514
3592,0.00603641
3593,0.00606231
3594,0.006064844
3595,0.00606268
3596,0.006088427
3597,0.006081567
3598,0.006071436
3599,0.006076842
3600,0.006071091
3601,0.006071348
3602,0.006063858
3603,0.006073328
3604,0.006067405
3605,0.006050688
3606,0.006044565
3607,0.006047376
3608,0.006046503
3609,0.006043113
3610,0.006027178
3611,0.006029324
3612,0.006026107
3613,0.006022214
3614,0.006026507
3615,0.006034029
3616,0.006034348
3617,0.006043351
3618,0.006053213
3619,0.006054783
3620,0.006061388
3621,0.006060953
3622,0.006084308
3623,0.006079466
3624,0.006066496
3625,0.006053943
3626,0.006042416
3627,0.00604705
3628,0.006048121
3629,0.006048638
3630,0.006039124
3631,0.00603375
3632,0.006025351
3633,0.006012898
3634,0.006020981
3635,0.006016172
3636,0.006028758
3637,0.006020745
3638,0.006018384
3639,0.006014493
3640,0.006016296
3641,0.006001981
3642,0.005984585
3643,0.005981549
3644,0.005968837
3645,0.005970358
3646,0.005969617
3647,0.005971705
3648,0.005985275
3649,0.005994013
3650,0.005997929
3651,0.006046736
3652,0.006068187
3653,0.006075995
3654,0.006083547
3655,0.006090057
3656,0.00609044
3657,0.006090798
3658,0.006087411
3659,0.006098533
3660,0.006093881
3661,0.006103803
3662,0.006109944
3663,0.006100004
3664,0.006086102
3665,0.006086792
3666,0.006086042
3667,0.006085476
3668,0.006088097
3669,0.006080971
3670,0.006062535
3671,0.006072629
3672,0.006078577
3673,0.006076668
3674,0.006078346
3675,0.006083001
3676,0.006093574
3677,0.006096772
3678,0.00609269
3679,0.006083444
3680,0.006084104
3681,0.006090416
3682,0.006086342
3683,0.006094667
3684,0.00610355
3685,0.006095534
3686,0.006085044
3687,0.006078726
3688,0.006100666
3689,0.006100826
3690,0.006092772
3691,0.006082594
3692,0.006074568
3693,0.006064706
3694,0.006065775
3695,0.006064888
3696,0.006061903
3697,0.006066283
3698,0.006073114
3699,0.00608146
3700,0.006071615
3701,0.006068142
3702,0.00606852
3703,0.006068348
3704,0.006079711
3705,0.006075423
3706,0.006071682
3707,0.00606643
3708,0.006068281
3709,0.006060787
3710,0.00606144
3711,0.006061691
3712,0.006053152
3713,0.006064034
3714,0.006067905
3715,0.006059787
3716,0.006054832
3717,0.006050769
3718,0.006043046
3719,0.006043335
3720,0.006051681
3721,0.006044791
3722,0.006035691
3723,0.006031425
3724,0.006023286
3725,0.006027588
3726,0.006029113
3727,0.00602652
3728,0.00602691
3729,0.006021531
3730,0.006014351
3731,0.00603228
3732,0.006031291
3733,0.006021135
3734,0.006009217
3735,0.006007025
3736,0.006002883
3737,0.005996167
3738,0.005998888
3739,0.006014976
3740,0.006023059
3741,0.006022567
3742,0.006014861
3743,0.006016188
3744,0.006013775
3745,0.006009915
3746,0.006014355
3747,0.006002518
3748,0.00600211
3749,0.006004806
3750,0.005995369
3751,0.005990008
3752,0.005991818
3753,0.005988504
3754,0.005980391
3755,0.005984859
3756,0.005998552
3757,0.00599697
3758,0.005991053
3759,0.005987841
3760,0.005989499
3761,0.005990447
3762,0.005997913
3763,0.005985784
3764,0.005976206
3765,0.005986274
3766,0.005976416
3767,0.00597566
3768,0.005968376
3769,0.005966147
3770,0.005952522
3771,0.005962658
3772,0.00595173
3773,0.005941287
3774,0.005941633
3775,0.005944749
3776,0.005948174
3777,0.005952423
3778,0.005939359
3779,0.005930446
3780,0.005931193
3781,0.005924408
3782,0.005923672
3783,0.005905761
3784,0.005917931
3785,0.005934344
3786,0.005927249
3787,0.005921159
3788,0.005917378
3789,0.005937161
3790,0.005935509
3791,0.005952527
3792,0.005939084
3793,0.005938568
3794,0.005937116
3795,0.005922155
3796,0.005918918
3797,0.005911887
3798,0.00590202
3799,0.005899069
3800,0.005894906
3801,0.005903069
3802,0.005897479
3803,0.005921163
3804,0.005938181
3805,0.005940355
3806,0.005934894
3807,0.005925195
3808,0.005931865
3809,0.005927578
3810,0.005922623
3811,0.005924866
3812,0.005915287
3813,0.005911551
3814,0.005915405
3815,0.005928377
3816,0.005935517
3817,0.005940802
3818,0.005954609
3819,0.005962894
3820,0.005984367
3821,0.005978121
3822,0.00597516
3823,0.005973378
3824,0.005967436
3825,0.005957204
3826,0.005944121
3827,0.005934815
3828,0.005934355
3829,0.005936845
3830,0.005932277
3831,0.005943954
3832,0.005953043
3833,0.005951932
3834,0.005961615
3835,0.005954555
3836,0.005953998
3837,0.005947401
3838,0.005937958
3839,0.005937746
3840,0.005941731
3841,0.005934218
3842,0.005928733
3843,0.005932731
3844,0.005949259
3845,0.005944274
3846,0.005932682
3847,0.005927564
3848,0.005918193
3849,0.005906913
3850,0.005900703
3851,0.005902569
3852,0.005889216
3853,0.005869715
3854,0.005888606
3855,0.005899792
3856,0.005898236
3857,0.005924486
3858,0.005924848
3859,0.00592183
3860,0.005905408
3861,0.005907069
3862,0.005899579
3863,0.005904337
3864,0.00590695
3865,0.005904385
3866,0.005899838
3867,0.005908779
3868,0.005905007
3869,0.005912962
3870,0.005913442
3871,0.005906382
3872,0.005923021
3873,0.005927469
3874,0.005928445
3875,0.00592662
3876,0.005929635
3877,0.005927612
3878,0.005922039
3879,0.005915868
3880,0.005908038
3881,0.0059113
3882,0.005919287
3883,0.005926782
3884,0.005924517
3885,0.005912686
3886,0.005905479
3887,0.005919674
3888,0.005914897
3889,0.005918436
3890,0.005919233
3891,0.005914363
3892,0.005920994
3893,0.005920994
3894,0.00591578
3895,0.005911687
3896,0.005909233
3897,0.005903364
3898,0.005907137
3899,0.005886892
3900,0.005877086
3901,0.005869647
3902,0.005856909
3903,0.005864001
3904,0.005858147
3905,0.005845201
3906,0.00584428
3907,0.005827074
3908,0.005835172
3909,0.005831255
3910,0.005850365
3911,0.005853607
3912,0.00585135
3913,0.005853341
3914,0.005845622
3915,0.00587443
3916,0.005883429
3917,0.005892885
3918,0.005905674
3919,0.005900284
3920,0.005890729
3921,0.005886872
3922,0.005890441
3923,0.005889886
3924,0.005894687
3925,0.00589227
3926,0.005893911
3927,0.005908351
3928,0.00590792
3929,0.005913768
3930,0.005918638
3931,0.005911874
3932,0.005911211
3933,0.005909053
3934,0.005906333
3935,0.005920787
3936,0.005917359
3937,0.005917223
3938,0.00589989
3939,0.005899168
3940,0.005896389
3941,0.005897334
3942,0.005894776
3943,0.0058941
3944,0.00588459
3945,0.005883692
3946,0.005886957
3947,0.005889269
3948,0.005881264
3949,0.005883225
3950,0.00589111
3951,0.005882216
3952,0.005871806
3953,0.005870125
3954,0.005863167
3955,0.005850282
3956,0.005854845
3957,0.005881709
3958,0.005874485
3959,0.005856716
3960,0.005866455
3961,0.005866309
3962,0.005856764
3963,0.005856338
3964,0.005849166
3965,0.005831311
3966,0.00582923
3967,0.005820214
3968,0.005826091
3969,0.005825825
3970,0.005824083
3971,0.005842781
3972,0.00584663
3973,0.005849119
3974,0.005848721
3975,0.005843901
3976,0.005840688
3977,0.005837039
3978,0.005842592
3979,0.005841063
3980,0.00582799
3981,0.005822465
3982,0.005818656
3983,0.005817079
3984,0.005811518
3985,0.005793727
3986,0.0057948
3987,0.005790525
3988,0.005798156
3989,0.005794424
3990,0.005783414
3991,0.005791986
3992,0.005781935
3993,0.005785892
3994,0.005776107
3995,0.005770347
3996,0.005765743
3997,0.005767197
3998,0.005774049
3999,0.005777335
4000,0.005778153
4001,0.005763522
4002,0.005756109
4003,0.005746753
4004,0.005745222
4005,0.005744465
4006,0.005726671
4007,0.005728242
4008,0.005726552
4009,0.005718183
4010,0.005717044
4011,0.005709721
4012,0.005696279
4013,0.005692972
4014,0.005694973
4015,0.005702841
4016,0.005699939
4017,0.005691743
4018,0.005690597
4019,0.005703785
4020,0.005713338
4021,0.005718736
4022,0.005715761
4023,0.005704679
4024,0.005699958
4025,0.005706614
4026,0.005710645
4027,0.005715927
4028,0.005715962
4029,0.00570916
4030,0.00570842
4031,0.005713639
4032,0.005718902
4033,0.005722077
4034,0.005723
4035,0.005739483
4036,0.005738554
4037,0.005744192
4038,0.005752132
4039,0.005746202
4040,0.005762246
4041,0.005758515
4042,0.005768644
4043,0.005770955
4044,0.005774962
4045,0.005765294
4046,0.00576173
4047,0.005757412
4048,0.005770275
4049,0.005759864
4050,0.005746683
4051,0.005749138
4052,0.005746484
4053,0.005741642
4054,0.005734806
4055,0.005729081
4056,0.005723908
4057,0.005732091
4058,0.005722155
4059,0.005710405
4060,0.005707929
4061,0.005703622
4062,0.005685227
4063,0.005674631
4064,0.005670447
4065,0.005660849
4066,0.005651166
4067,0.005655243
4068,0.005657165
4069,0.005647032
4070,0.005647153
4071,0.005630186
4072,0.00562673
4073,0.005636165
4074,0.005641216
4075,0.005639553
4076,0.005641648
4077,0.005644122
4078,0.005649354
4079,0.005647384
4080,0.005637246
4081,0.00563888
4082,0.005633101
4083,0.005631914
4084,0.005638449
4085,0.005649852
4086,0.00566447
4087,0.005665651
4088,0.005653352
4089,0.005664125
4090,0.005680262
4091,0.005676822
4092,0.005665277
4093,0.005655717
4094,0.005665975
4095,0.005671426
4096,0.005693791
4097,0.005710735
4098,0.005713501
4099,0.005724017
4100,0.005733273
4101,0.005719318
4102,0.005723258
4103,0.0057321
4104,0.00572795
4105,0.005725132
4106,0.005730332
4107,0.005727935
4108,0.005730613
4109,0.005736448
4110,0.005742454
4111,0.005736687
4112,0.005737759
4113,0.00573627
4114,0.005726666
4115,0.005719532
4116,0.005718836
4117,0.005716188
4118,0.00572727
4119,0.005723055
4120,0.005738077
4121,0.005737592
4122,0.005736832
4123,0.005744865
4124,0.005741828
4125,0.005738206
4126,0.005737114
4127,0.005750903
4128,0.005746198
4129,0.005742647
4130,0.005747871
4131,0.005757925
4132,0.005741683
4133,0.005735411
4134,0.005738521
4135,0.0057389
4136,0.005770194
4137,0.0057688
4138,0.005775657
4139,0.005798543
4140,0.005802643
4141,0.005805943
4142,0.005799763
4143,0.005789044
4144,0.005788985
4145,0.005784951
4146,0.005773349
4147,0.005766576
4148,0.00575517
4149,0.005761569
4150,0.005754461
4151,0.005748337
4152,0.005744734
4153,0.005755504
4154,0.005756248
4155,0.005789517
4156,0.005790896
4157,0.005782776
4158,0.005798068
4159,0.005796398
4160,0.005788213
4161,0.005780611
4162,0.005782138
4163,0.00577037
4164,0.00576058
4165,0.005760152
4166,0.005755561
4167,0.0057505
4168,0.005749934
4169,0.005736316
4170,0.005731747
4171,0.005730875
4172,0.00575003
4173,0.005749189
4174,0.005758982
4175,0.005756076
4176,0.005750421
4177,0.005735391
4178,0.005737471
4179,0.005742115
4180,0.005728554
4181,0.005724861
4182,0.00571684
4183,0.005714671
4184,0.005726301
4185,0.005727393
4186,0.005715629
4187,0.005724371
4188,0.005744649
4189,0.005736563
4190,0.005734914
4191,0.005740132
4192,0.00573504
4193,0.005750309
4194,0.005755135
4195,0.00575361
4196,0.005753148
4197,0.005754763
4198,0.005752664
4199,0.005761291
4200,0.005754317
4201,0.005744691
4202,0.00574464
4203,0.005762722
4204,0.005765043
4205,0.005771833
4206,0.005767909
4207,0.005767706
4208,0.005767158
4209,0.005755621
4210,0.005747603
4211,0.005746295
4212,0.005746731
4213,0.005739943
4214,0.005729601
4215,0.005727508
4216,0.005728424
4217,0.005728081
4218,0.005731224
4219,0.005731615
4220,0.005726358
4221,0.005714662
4222,0.005727971
4223,0.005722013
4224,0.005725509
4225,0.005734918
4226,0.00572738
4227,0.005720229
4228,0.005710716
4229,0.005715299
4230,0.005716861
4231,0.005714181
4232,0.005700811
4233,0.005706325
4234,0.005707033
4235,0.005724262
4236,0.005737882
4237,0.005726088
4238,0.005722032
4239,0.005712803
4240,0.005715029
4241,0.005706237
4242,0.005712363
4243,0.005712896
4244,0.005704813
4245,0.005708857
4246,0.005704907
4247,0.005704925
4248,0.005703481
4249,0.005694483
4250,0.005690603
4251,0.005691562
4252,0.00569886
4253,0.00570543
4254,0.00572076
4255,0.005723224
4256,0.005720386
4257,0.005719886
4258,0.005713976
4259,0.00571151
4260,0.005714931
4261,0.005705292
4262,0.005730199
4263,0.005718038
4264,0.005713947
4265,0.005715837
4266,0.005736353
4267,0.005733479
4268,0.005727174
4269,0.005727373
4270,0.005728249
4271,0.005726118
4272,0.005724582
4273,0.005712659
4274,0.005726065
4275,0.005730314
4276,0.0057129
4277,0.005718503
4278,0.005710487
4279,0.005704619
4280,0.005704617
4281,0.005695626
4282,0.0057073
4283,0.005706784
4284,0.005703689
4285,0.005698755
4286,0.005686609
4287,0.005684219
4288,0.005685721
4289,0.00570629
4290,0.005715799
4291,0.005704166
4292,0.005698758
4293,0.005698981
4294,0.005691489
4295,0.005700298
4296,0.005695388
4297,0.005691217
4298,0.005685382
4299,0.005683467
4300,0.005679472
4301,0.005674687
4302,0.00566403
4303,0.005666088
4304,0.005658832
4305,0.005660181
4306,0.005653995
4307,0.005659184
4308,0.005656183
4309,0.005656823
4310,0.005668898
4311,0.005662835
4312,0.005659259
4313,0.00566268
4314,0.005651917
4315,0.005646756
4316,0.00563522
4317,0.005624349
4318,0.005619601
4319,0.005615742
4320,0.005606391
4321,0.005601129
4322,0.005596342
4323,0.005589058
4324,0.005581791
4325,0.005575883
4326,0.005583008
4327,0.005582339
4328,0.00560135
4329,0.005624478
4330,0.005635696
4331,0.005635658
4332,0.005642961
4333,0.005642212
4334,0.005644358
4335,0.005637793
4336,0.005642881
4337,0.005633986
4338,0.005637139
4339,0.005649882
4340,0.005670586
4341,0.005668204
4342,0.005666729
4343,0.005656044
4344,0.005642905
4345,0.005644877
4346,0.005636162
4347,0.005634898
4348,0.005623986
4349,0.00561753
4350,0.005615316
4351,0.005609884
4352,0.005611019
4353,0.005627195
4354,0.005623488
4355,0.005627002
4356,0.005616709
4357,0.005619539
4358,0.005619411
4359,0.005613832
4360,0.0056155
4361,0.005609364
4362,0.005617315
4363,0.005614028
4364,0.005607695
4365,0.005610921
4366,0.005609838
4367,0.005607111
4368,0.005612157
4369,0.00561004
4370,0.005602675
4371,0.005610053
4372,0.005619505
4373,0.005611585
4374,0.005611761
4375,0.005612544
4376,0.005621813
4377,0.005615362
4378,0.005617217
4379,0.005632888
4380,0.005658206
4381,0.005674422
4382,0.005692683
4383,0.005713221
4384,0.005715716
4385,0.005706655
4386,0.005698981
4387,0.005696787
4388,0.005686647
4389,0.00569224
4390,0.005685286
4391,0.005683003
4392,0.005681574
4393,0.005675785
4394,0.005672054
4395,0.005676221
4396,0.005678221
4397,0.005680184
4398,0.005673099
4399,0.005655431
4400,0.005659813
4401,0.005660073
4402,0.005654278
4403,0.00565457
4404,0.005653939
4405,0.005651539
4406,0.005652558
4407,0.005645894
4408,0.005652951
4409,0.005658213
4410,0.005661005
4411,0.005657017
4412,0.005663183
4413,0.005673885
4414,0.005689823
4415,0.005693708
4416,0.00570176
4417,0.005711178
4418,0.005721384
4419,0.005712766
4420,0.005708474
4421,0.005702203
4422,0.00572767
4423,0.005724788
4424,0.005716958
4425,0.005719979
4426,0.005720297
4427,0.005723009
4428,0.00572385
4429,0.005719544
4430,0.005715915
4431,0.005710654
4432,0.005708305
4433,0.005717991
4434,0.005705235
4435,0.005698064
4436,0.00568831
4437,0.005681024
4438,0.005679687
4439,0.005683649
4440,0.005682495
4441,0.005686232
4442,0.005701565
4443,0.005711939
4444,0.005707581
4445,0.005704245
4446,0.005697206
4447,0.005709151
4448,0.005720406
4449,0.00571732
4450,0.005717631
4451,0.005729018
4452,0.005723756
4453,0.005712282
4454,0.005710518
4455,0.005702279
4456,0.005708407
4457,0.005706464
4458,0.00569311
4459,0.005686007
4460,0.005684732
4461,0.005679743
4462,0.005667717
4463,0.005654263
4464,0.00564803
4465,0.005634932
4466,0.005639836
4467,0.005642749
4468,0.005642375
4469,0.005637384
4470,0.005634328
4471,0.005624083
4472,0.005621011
4473,0.005614662
4474,0.005616128
4475,0.00560568
4476,0.005610007
4477,0.005613745
4478,0.005602539
4479,0.005596263
4480,0.005600512
4481,0.005594485
4482,0.005591088
4483,0.005589322
4484,0.005583317
4485,0.005579972
4486,0.005573436
4487,0.005579915
4488,0.005577653
4489,0.005587973
4490,0.005591346
4491,0.00559063
4492,0.005586839
4493,0.005592108
4494,0.005604856
4495,0.005593527
4496,0.005588125
4497,0.005586239
4498,0.005584697
4499,0.005583505
4500,0.005579015
4501,0.005571535
4502,0.005584687
4503,0.005572432
4504,0.005571907
4505,0.005567709
4506,0.005556069
4507,0.005555319
4508,0.005567238
4509,0.005569734
4510,0.005574346
4511,0.005571949
4512,0.005604562
4513,0.005604932
4514,0.005613291
4515,0.005612964
4516,0.005617476
4517,0.005615598
4518,0.005614329
4519,0.005603474
4520,0.005600808
4521,0.005592916
4522,0.005600185
4523,0.005598436
4524,0.005606325
4525,0.005598388
4526,0.005594657
4527,0.005594596
4528,0.005604338
4529,0.005599586
4530,0.005595578
4531,0.005598835
4532,0.005592083
4533,0.005583471
4534,0.005592617
4535,0.005587351
4536,0.005578254
4537,0.005585848
4538,0.00559099
4539,0.005584255
4540,0.005584606
4541,0.005575456
4542,0.005566904
4543,0.005569487
4544,0.005566269
4545,0.005551878
4546,0.005545621
4547,0.005536285
4548,0.005539286
4549,0.005537797
4550,0.005539944
4551,0.005546133
4552,0.005546302
4553,0.005545701
4554,0.00552716
4555,0.00552635
4556,0.005525063
4557,0.005523885
4558,0.005520569
4559,0.005533872
4560,0.005532719
4561,0.005518104
4562,0.005517981
4563,0.005525213
4564,0.005521131
4565,0.005513169
4566,0.005510846
4567,0.005511297
4568,0.005503881
4569,0.0054927
4570,0.005481954
4571,0.005488382
4572,0.005488288
4573,0.005486189
4574,0.005483924
4575,0.005478022
4576,0.005475092
4577,0.005478009
4578,0.005488381
4579,0.0055025
4580,0.005509673
4581,0.005519128
4582,0.005505149
4583,0.005518443
4584,0.005523158
4585,0.005524473
4586,0.005522395
4587,0.005526965
4588,0.005522411
4589,0.005513461
4590,0.005522297
4591,0.00552285
4592,0.005525899
4593,0.005534203
4594,0.005555502
4595,0.005554366
4596,0.005556079
4597,0.005545104
4598,0.005545057
4599,0.005550303
4600,0.005542134
4601,0.005531967
4602,0.005527095
4603,0.005520099
4604,0.005521906
4605,0.005526003
4606,0.005522464
4607,0.005529158
4608,0.005524984
4609,0.005532637
4610,0.00552389
4611,0.005516176
4612,0.005503899
4613,0.005496188
4614,0.005515059
4615,0.005511159
4616,0.005507948
4617,0.005507161
4618,0.005517738
4619,0.005513042
4620,0.005511657
4621,0.00551012
4622,0.005510177
4623,0.00553001
4624,0.005528862
4625,0.005523787
4626,0.005523013
4627,0.00551388
4628,0.005506327
4629,0.005501535
4630,0.005502144
4631,0.005497984
4632,0.005497746
4633,0.005485939
4634,0.005487685
4635,0.00549018
4636,0.005485478
4637,0.005488544
4638,0.005481098
4639,0.005485454
4640,0.005483004
4641,0.005484943
4642,0.005476465
4643,0.005474609
4644,0.005475358
4645,0.005471169
4646,0.005466722
4647,0.005471931
4648,0.005473313
4649,0.005469947
4650,0.005467094
4651,0.005459512
4652,0.005450213
4653,0.005484671
4654,0.005488792
4655,0.00547973
4656,0.005481986
4657,0.005486959
4658,0.005498409
4659,0.005493949
4660,0.005501577
4661,0.005507871
4662,0.005508657
4663,0.005502105
4664,0.005502326
4665,0.005501512
4666,0.005500022
4667,0.005497307
4668,0.005493911
4669,0.005487972
4670,0.005484493
4671,0.005479556
4672,0.005470586
4673,0.005471992
4674,0.005468451
4675,0.005463007
4676,0.005463948
4677,0.00545596
4678,0.005448874
4679,0.005460385
4680,0.005456
4681,0.005446058
4682,0.005452772
4683,0.005444782
4684,0.005435325
4685,0.005429205
4686,0.005423409
4687,0.005422231
4688,0.005416988
4689,0.005414564
4690,0.005406416
4691,0.005393991
4692,0.00539229
4693,0.005375989
4694,0.005376455
4695,0.005381979
4696,0.005389138
4697,0.005383389
4698,0.005369831
4699,0.005360824
4700,0.005364892
4701,0.005358716
4702,0.005387182
4703,0.005393512
4704,0.005387545
4705,0.005383796
4706,0.005383827
4707,0.00539753
4708,0.005401687
4709,0.005404277
4710,0.00541694
4711,0.005432711
4712,0.005437113
4713,0.005430054
4714,0.005422892
4715,0.005417775
4716,0.005421628
4717,0.005414344
4718,0.005444705
4719,0.005448889
4720,0.005452251
4721,0.005456347
4722,0.005444845
4723,0.005453323
4724,0.005445287
4725,0.005457853
4726,0.005447376
4727,0.005443819
4728,0.005437101
4729,0.005455778
4730,0.005465946
4731,0.005461295
4732,0.00547149
4733,0.005470863
4734,0.005462669
4735,0.00547776
4736,0.005480254
4737,0.005489135
4738,0.005491984
4739,0.005482601
4740,0.005485981
4741,0.005481499
4742,0.005485307
4743,0.005481445
4744,0.005469474
4745,0.005462387
4746,0.0054524
4747,0.005446442
4748,0.005452661
4749,0.005462146
4750,0.005464192
4751,0.005474606
4752,0.005481425
4753,0.005479958
4754,0.005465416
4755,0.005472408
4756,0.005465752
4757,0.005456255
4758,0.005449989
4759,0.00545436
4760,0.00545376
4761,0.005450263
4762,0.005448195
4763,0.005460233
4764,0.005455412
4765,0.005445659
4766,0.005431028
4767,0.00542891
4768,0.005437433
4769,0.005431416
4770,0.005424787
4771,0.005419061
4772,0.005424759
4773,0.00541557
4774,0.005416011
4775,0.005425055
4776,0.005435529
4777,0.005447322
4778,0.005445603
4779,0.005444976
4780,0.005450053
4781,0.005455193
4782,0.005472447
4783,0.005460396
4784,0.005465445
4785,0.005472849
4786,0.005474836
4787,0.005470877
4788,0.005469937
4789,0.005472655
4790,0.005470018
4791,0.005473095
4792,0.005470072
4793,0.005463691
4794,0.005453824
4795,0.005446532
4796,0.005450756
4797,0.005466782
4798,0.005462458
4799,0.005463174
4800,0.005462368
4801,0.005475085
4802,0.005474991
4803,0.005475803
4804,0.005482872
4805,0.005476802
4806,0.005472091
4807,0.005479306
4808,0.005474366
4809,0.005484654
4810,0.005489436
4811,0.00548585
4812,0.005482424
4813,0.005478944
4814,0.00547835
4815,0.005471944
4816,0.005470847
4817,0.005459035
4818,0.005456646
4819,0.005450141
4820,0.005441994
4821,0.005449951
4822,0.005457085
4823,0.005461357
4824,0.005451814
4825,0.005450918
4826,0.005448876
4827,0.005448437
4828,0.005439874
4829,0.005438721
4830,0.005450534
4831,0.005434364
4832,0.005424817
4833,0.005423968
4834,0.005420152
4835,0.00541713
4836,0.005405909
4837,0.005403002
4838,0.005398794
4839,0.005397368
4840,0.005384805
4841,0.005370656
4842,0.005362282
4843,0.005354641
4844,0.005357425
4845,0.005382261
4846,0.005385071
4847,0.005382285
4848,0.005388891
4849,0.005404025
4850,0.005407027
4851,0.005413174
4852,0.005410212
4853,0.005406636
4854,0.005390596
4855,0.005386617
4856,0.005393977
4857,0.005391998
4858,0.005384576
4859,0.005380889
4860,0.005373866
4861,0.005376161
4862,0.005372328
4863,0.005374728
4864,0.00536237
4865,0.005364424
4866,0.005360668
4867,0.005348938
4868,0.00535866
4869,0.005357371
4870,0.005356557
4871,0.005348506
4872,0.005346362
4873,0.005338813
4874,0.005329764
4875,0.005338451
4876,0.005334913
4877,0.005327389
4878,0.005330268
4879,0.005317712
4880,0.005327259
4881,0.005323559
4882,0.005313051
4883,0.005304632
4884,0.005292693
4885,0.005288368
4886,0.005295802
4887,0.00533026
4888,0.00533185
4889,0.005322759
4890,0.005327608
4891,0.005324233
4892,0.005319528
4893,0.005313199
4894,0.005304287
4895,0.005290293
4896,0.005297177
4897,0.005290072
4898,0.005285799
4899,0.005291487
4900,0.005302043
4901,0.005308336
4902,0.005297429
4903,0.005310945
4904,0.005311977
4905,0.005313282
4906,0.00531499
4907,0.005312694
4908,0.005318245
4909,0.005333036
4910,0.00532104
4911,0.005320101
4912,0.005325918
4913,0.005330948
4914,0.005320514
4915,0.005315344
4916,0.005322892
4917,0.005338442
4918,0.005332047
4919,0.005339389
4920,0.005350297
4921,0.005347539
4922,0.005351373
4923,0.005345333
4924,0.005337527
4925,0.00533256
4926,0.005333869
4927,0.005328415
4928,0.005329308
4929,0.005330436
4930,0.005319886
4931,0.005304731
4932,0.005297009
4933,0.005294637
4934,0.005305019
4935,0.005318217
4936,0.005320045
4937,0.005306562
4938,0.005304626
4939,0.005309237
4940,0.005323741
4941,0.005320921
4942,0.005317642
4943,0.005307223
4944,0.005335572
4945,0.005335218
4946,0.0053395
4947,0.005337284
4948,0.005334111
4949,0.005332889
4950,0.00532897
4951,0.005334805
4952,0.005331235
4953,0.005322367
4954,0.005311796
4955,0.005300038
4956,0.005289648
4957,0.005304471
4958,0.00530605
4959,0.005302955
4960,0.005307001
4961,0.005306649
4962,0.005328636
4963,0.005321729
4964,0.005317649
4965,0.005301751
4966,0.005294893
4967,0.005295842
4968,0.005287806
4969,0.005285924
4970,0.005287576
4971,0.005294336
4972,0.005310066
4973,0.005320286
4974,0.005311374
4975,0.005313446
4976,0.005321853
4977,0.005314001
4978,0.005328041
4979,0.005329893
4980,0.005333979
4981,0.005337916
4982,0.005337012
4983,0.005328787
4984,0.005324059
4985,0.005328347
4986,0.005326082
4987,0.005321944
4988,0.005323632
4989,0.005326986
4990,0.005327936
4991,0.005328698
4992,0.005331416
4993,0.005331389
4994,0.005330582
4995,0.005332309
4996,0.005333637
4997,0.00533354
4998,0.005341688
4999,0.005343327
5000,0.0053323
